"File Path: C:\Users\Lab User\Desktop\Will\Thesis Tests\Test Run 9 04-8-22 15 25 28 PM\DAQ- Crosshead, … - (Timed).txt   ",,
Test: MTS EM Flexure (3-Point Bend) - Will 1,,
Test Run: Test Run 9,,
Date: 4/8/2022 3:23:26 PM,,
,,
,,
Crosshead ,Load ,Time 
mm,N,sec
4.88E-05,5.985956192,0.02
4.88E-05,5.892264366,0.039999999
9.77E-05,5.851765633,0.059999999
9.77E-05,5.991462708,0.079999998
9.77E-05,5.979367733,0.100000001
9.77E-05,5.93080759,0.119999997
0.000146484,5.962131023,0.140000001
0.000146484,5.82074976,0.159999996
0.000146484,6.038156509,0.180000007
0.000195312,6.072937965,0.200000003
0.000195312,5.999285698,0.219999999
0.000195312,5.975730419,0.239999995
0.000244141,5.857713699,0.25999999
0.000244141,6.068376064,0.280000001
0.000292969,6.198940277,0.300000012
0.000292969,6.039308548,0.319999993
0.000341797,6.114889622,0.340000004
0.000390625,6.049289227,0.360000014
0.000390625,6.161140919,0.379999995
0.000439453,6.303109646,0.400000006
0.000488281,6.224040508,0.419999987
0.000488281,6.363387585,0.439999998
0.000537109,6.281015396,0.460000008
0.000585938,6.415513039,0.479999989
0.000634766,6.616923332,0.5
0.000683594,6.647928238,0.519999981
0.000732422,6.643404007,0.540000021
0.00078125,6.644403458,0.560000002
0.000830078,6.750730991,0.579999983
0.000878906,7.000461578,0.600000024
0.000927734,7.049774647,0.620000005
0.000976563,7.050494194,0.639999986
0.001025391,7.034930229,0.660000026
0.001074219,7.198758602,0.680000007
0.001123047,7.27635479,0.699999988
0.001171875,7.402985096,0.720000029
0.001220703,7.392987251,0.74000001
0.001269531,7.503693104,0.75999999
0.001269531,7.673399448,0.779999971
0.001318359,7.68239069,0.800000012
0.001367187,7.808333874,0.819999993
0.001416016,7.871902943,0.839999974
0.001464844,7.810669899,0.860000014
0.001513672,7.98831749,0.879999995
0.0015625,8.067445755,0.899999976
0.001611328,8.247232437,0.920000017
0.001660156,8.131231308,0.939999998
0.001708984,8.231032372,0.959999979
0.001757812,8.378128052,0.980000019
0.001757812,8.453980446,1
0.001806641,8.592208862,1.019999981
0.001855469,8.533302307,1.039999962
0.001904297,8.533399582,1.059999943
0.001953125,8.741221428,1.080000043
0.002001953,8.848291397,1.100000024
0.002050781,8.876159668,1.120000005
0.002099609,8.900253296,1.139999986
0.002148437,8.935320854,1.159999967
0.002197266,9.028855324,1.179999948
0.002246094,9.07995224,1.200000048
0.002294922,9.191808701,1.220000029
0.002294922,9.31097126,1.24000001
0.00234375,9.235918045,1.25999999
0.002392578,9.431631088,1.279999971
0.002441406,9.49608326,1.299999952
0.002490234,9.691267014,1.320000052
0.002539063,9.781128883,1.340000033
0.002587891,9.743620872,1.360000014
0.002636719,9.698430061,1.379999995
0.002685547,9.93691349,1.399999976
0.002734375,10.00375462,1.419999957
0.002783203,9.964157104,1.440000057
0.002832031,10.0883131,1.460000038
0.002880859,10.09589291,1.480000019
0.002880859,10.36714458,1.5
0.002929688,10.41619968,1.519999981
0.002978516,10.3571701,1.539999962
0.003027344,10.47358513,1.559999943
0.003076172,10.46361351,1.580000043
0.003125,10.66117668,1.600000024
0.003173828,10.77588558,1.620000005
0.003222656,10.71603775,1.639999986
0.003271484,10.80805302,1.659999967
0.003271484,10.83445454,1.679999948
0.003320313,10.929492,1.700000048
0.003369141,11.15651703,1.720000029
0.003417969,11.08648491,1.74000001
0.003466797,11.20155907,1.75999999
0.003515625,11.11100292,1.779999971
0.003564453,11.27251244,1.799999952
0.003613281,11.55469418,1.820000052
0.003613281,11.52475834,1.840000033
0.003662109,11.4316988,1.860000014
0.003710938,11.60720634,1.879999995
0.003759766,11.74990749,1.899999976
0.003808594,11.87254906,1.919999957
0.003857422,11.78046036,1.940000057
0.00390625,11.80386639,1.960000038
0.003955078,11.95773602,1.980000019
0.004003906,12.06348419,2
0.004003906,12.28084087,2.019999981
0.004052734,12.25234509,2.039999962
0.004101562,12.23299503,2.059999943
0.004150391,12.28821659,2.079999924
0.004199219,12.40312099,2.099999905
0.004248047,12.48776245,2.119999886
0.004296875,12.56187725,2.140000105
0.004296875,12.53325081,2.160000086
0.004345703,12.60471535,2.180000067
0.004394531,12.74453831,2.200000048
0.00444336,12.78387165,2.220000029
0.004492188,13.00042629,2.24000001
0.004492188,12.92014313,2.25999999
0.004541016,12.86190796,2.279999971
0.004589844,13.05981159,2.299999952
0.004638672,13.13506222,2.319999933
0.0046875,13.27377892,2.339999914
0.004736328,13.17793941,2.359999895
0.004785156,13.29447365,2.380000114
0.004785156,13.43432426,2.400000095
0.004833984,13.59420776,2.420000076
0.004882812,13.60534096,2.440000057
0.00493164,13.64573956,2.460000038
0.004980469,13.56167889,2.480000019
0.005029297,13.83905125,2.5
0.005029297,13.84228802,2.519999981
0.005078125,13.84531116,2.539999962
0.005126953,13.93458652,2.559999943
0.005175781,13.96109295,2.579999924
0.00522461,14.09152031,2.599999905
0.00522461,14.33311462,2.619999886
0.005273438,14.36993122,2.640000105
0.005322266,14.38213921,2.660000086
0.005371094,14.28064537,2.680000067
0.005419922,14.48544216,2.700000048
0.005419922,14.6245203,2.720000029
0.00546875,14.63240147,2.74000001
0.005517578,14.68495274,2.75999999
0.005566406,14.59986496,2.779999971
0.005615234,14.80248547,2.799999952
0.005615234,14.95340347,2.819999933
0.005664062,14.96628666,2.839999914
0.00571289,14.90588951,2.859999895
0.005761719,14.99316788,2.880000114
0.005810547,15.08975697,2.900000095
0.005859375,15.32329178,2.920000076
0.005859375,15.2311554,2.940000057
0.005908203,15.2948904,2.960000038
0.005957031,15.32089329,2.980000019
0.006005859,15.429533,3
0.006054688,15.50196743,3.019999981
0.006054688,15.63407898,3.039999962
0.006103516,15.60342503,3.059999943
0.006152344,15.51296997,3.079999924
0.006201172,15.66860485,3.099999905
0.006201172,15.86780262,3.119999886
0.00625,15.9591465,3.140000105
0.006298828,15.90045834,3.160000086
0.006347656,15.91209602,3.180000067
0.006396484,16.03821182,3.200000048
0.006396484,16.10988617,3.220000029
0.006445312,16.29911995,3.24000001
0.006494141,16.21615601,3.25999999
0.006542969,16.19643974,3.279999971
0.006542969,16.43415642,3.299999952
0.006591797,16.46681404,3.319999933
0.006640625,16.60538673,3.339999914
0.006689453,16.54719925,3.359999895
0.006689453,16.59974289,3.380000114
0.006738281,16.68281746,3.400000095
0.006787109,16.82340431,3.420000076
0.006835938,16.88624382,3.440000057
0.006835938,16.93669701,3.460000038
0.006884766,16.86470985,3.480000019
0.006933594,17.0126152,3.5
0.006982422,17.08794403,3.519999981
0.00703125,17.23016548,3.539999962
0.00703125,17.25647736,3.559999943
0.007080078,17.15637398,3.579999924
0.007128906,17.25093269,3.599999905
0.007177734,17.38705063,3.619999886
0.007226563,17.6438694,3.640000105
0.007226563,17.51915932,3.660000086
0.007275391,17.57864571,3.680000067
0.007324219,17.59516525,3.700000048
0.007373047,17.80585289,3.720000029
0.007373047,17.77776146,3.74000001
0.007421875,17.8303833,3.75999999
0.007470703,17.93601227,3.779999971
0.007519531,17.90100479,3.799999952
0.007568359,18.07424927,3.819999933
0.007568359,18.08839226,3.839999914
0.007617187,18.19523048,3.859999895
0.007666015,18.19616699,3.880000114
0.007714843,18.22242355,3.900000095
0.007763672,18.38082314,3.920000076
0.007763672,18.54162979,3.940000057
0.0078125,18.51447296,3.960000038
0.007861328,18.49317741,3.980000019
0.007910156,18.61133957,4
0.007958984,18.68610382,4.019999981
0.008007813,18.98877335,4.039999962
0.008007813,18.83104706,4.059999943
0.008056641,18.88758469,4.079999924
0.008105469,18.85388565,4.099999905
0.008154297,18.98651314,4.119999886
0.008203125,19.16845894,4.139999866
0.008203125,19.07210732,4.159999847
0.008251953,19.14824295,4.179999828
0.008300782,19.18614769,4.199999809
0.00834961,19.37238503,4.21999979
0.008398438,19.48204994,4.239999771
0.008447266,19.52641869,4.260000229
0.008496094,19.51049042,4.28000021
0.008544922,19.63870239,4.300000191
0.00859375,19.69758224,4.320000172
0.00859375,19.84448433,4.340000153
0.008642578,19.89038086,4.360000134
0.008691406,19.85204697,4.380000114
0.008740234,19.95070457,4.400000095
0.008789062,20.06203842,4.420000076
0.008837891,20.22225952,4.440000057
0.008886719,20.32642937,4.460000038
0.008935547,20.23516655,4.480000019
0.008984375,20.25879097,4.5
0.009033203,20.4452095,4.519999981
0.009082031,20.59114647,4.539999962
0.009130859,20.53946495,4.559999943
0.009130859,20.64758492,4.579999924
0.009179687,20.62183762,4.599999905
0.009228515,20.8324852,4.619999886
0.009277343,20.83138466,4.639999866
0.009326171,20.99071121,4.659999847
0.009375,20.95995331,4.679999828
0.009423828,20.95284081,4.699999809
0.009472657,21.16130066,4.71999979
0.009521485,21.15607262,4.739999771
0.009521485,21.31469154,4.760000229
0.009570313,21.40994263,4.78000021
0.009619141,21.30937386,4.800000191
0.009667969,21.42752266,4.820000172
0.009716797,21.56245804,4.840000153
0.009765625,21.63158035,4.860000134
0.009814453,21.6354866,4.880000114
0.009814453,21.62566185,4.900000095
0.009863281,21.75858116,4.920000076
0.00991211,21.92164803,4.940000057
0.009960938,21.95543098,4.960000038
0.010009766,21.9834671,4.980000019
0.010058594,21.92894936,5
0.010058594,22.11107445,5.019999981
0.010107422,22.21808815,5.039999962
0.01015625,22.30613518,5.059999943
0.010205078,22.27819061,5.079999924
0.010253906,22.34110451,5.099999905
0.010302734,22.35896111,5.119999886
0.010302734,22.5112915,5.139999866
0.010351562,22.71641541,5.159999847
0.01040039,22.65741158,5.179999828
0.010449219,22.60379791,5.199999809
0.010498047,22.58858681,5.21999979
0.010546875,22.82112885,5.239999771
0.010595703,22.98402023,5.260000229
0.010595703,22.88171577,5.28000021
0.010644531,22.9844265,5.300000191
0.010693359,22.97463417,5.320000172
0.010742187,23.23547745,5.340000153
0.010791015,23.29190254,5.360000134
0.010839844,23.20882034,5.380000114
0.010888672,23.255476,5.400000095
0.0109375,23.41371155,5.420000076
0.0109375,23.4918251,5.440000057
0.010986329,23.67471313,5.460000038
0.011035157,23.60154724,5.480000019
0.011083985,23.61540031,5.5
0.011132813,23.73478889,5.519999981
0.011132813,23.68550301,5.539999962
0.011181641,23.8948555,5.559999943
0.011230469,23.8764534,5.579999924
0.011279297,23.83129501,5.599999905
0.011328125,23.87132263,5.619999886
0.011376953,23.95105362,5.639999866
0.011376953,24.23370934,5.659999847
0.011425781,24.24531746,5.679999828
0.011474609,24.13912773,5.699999809
0.011523438,24.28700829,5.71999979
0.011572266,24.42041206,5.739999771
0.011572266,24.48965836,5.760000229
0.011621094,24.53581429,5.78000021
0.011669922,24.38949776,5.800000191
0.01171875,24.61173439,5.820000172
0.011767578,24.73567963,5.840000153
0.011767578,24.81938553,5.860000134
0.011816406,24.82801437,5.880000114
0.011865234,24.79563332,5.900000095
0.011914062,24.8462429,5.920000076
0.011914062,24.9094696,5.940000057
0.01196289,25.06530952,5.960000038
0.012011718,25.07529449,5.980000019
0.012060547,25.19252014,6
0.012109375,25.04852867,6.019999981
0.012109375,25.3197422,6.039999962
0.012158203,25.371912,6.059999943
0.012207031,25.31848526,6.079999924
0.012255859,25.40746498,6.099999905
0.012304688,25.33782005,6.119999886
0.012304688,25.54748726,6.139999866
0.012353516,25.66329765,6.159999847
0.012402344,25.66599655,6.179999828
0.012451172,25.72443581,6.199999809
0.0125,25.63965416,6.21999979
0.0125,25.89190865,6.239999771
0.012548828,26.08513832,6.260000229
0.012597657,25.97193146,6.28000021
0.012646485,26.01049042,6.300000191
0.012646485,26.04087067,6.320000172
0.012695313,26.08047485,6.340000153
0.012744141,26.27170753,6.360000134
0.012792969,26.18639946,6.380000114
0.012792969,26.27762222,6.400000095
0.012841797,26.27684021,6.420000076
0.012890625,26.35214996,6.440000057
0.012939453,26.51418495,6.460000038
0.012939453,26.50380898,6.480000019
0.012988281,26.58367348,6.5
0.013037109,26.50968742,6.519999981
0.013085937,26.66206551,6.539999962
0.013085937,26.79609108,6.559999943
0.013134766,26.90009117,6.579999924
0.013183594,26.7737236,6.599999905
0.013232422,26.79058075,6.619999886
0.01328125,26.94184685,6.639999866
0.01328125,27.09573746,6.659999847
0.013330078,27.16774178,6.679999828
0.013378906,27.00911522,6.699999809
0.013427734,27.10782242,6.71999979
0.013427734,27.27250671,6.739999771
0.013476562,27.36472893,6.760000229
0.01352539,27.45294189,6.78000021
0.013574218,27.41937828,6.800000191
0.013574218,27.44913292,6.820000172
0.013623046,27.57163048,6.840000153
0.013671875,27.59227562,6.860000134
0.013720703,27.68372154,6.880000114
0.013720703,27.74111366,6.900000095
0.013769532,27.70525551,6.920000076
0.01381836,27.82037735,6.940000057
0.013867188,27.84926224,6.960000038
0.013916016,27.98012733,6.980000019
0.013916016,28.02396011,7
0.013964844,27.95440674,7.019999981
0.014013672,28.04817963,7.039999962
0.0140625,28.16773987,7.059999943
0.014111328,28.21852493,7.079999924
0.014111328,28.27714157,7.099999905
0.014160156,28.24575424,7.119999886
0.014208985,28.35073662,7.139999866
0.014257813,28.50997925,7.159999847
0.014306641,28.55479813,7.179999828
0.014306641,28.62693787,7.199999809
0.014355469,28.54655457,7.21999979
0.014404297,28.59970665,7.239999771
0.014453125,28.79019737,7.260000229
0.014453125,28.88275528,7.28000021
0.014501953,28.94245911,7.300000191
0.014550781,28.81149864,7.320000172
0.014599609,28.92291069,7.340000153
0.014648437,29.04723358,7.360000134
0.014697265,29.30175209,7.380000114
0.014746094,29.16413689,7.400000095
0.014746094,29.13506889,7.420000076
0.014794922,29.25128174,7.440000057
0.01484375,29.43692207,7.460000038
0.014892578,29.58476067,7.480000019
0.014941406,29.43025017,7.5
0.014990234,29.43593788,7.519999981
0.014990234,29.57833481,7.539999962
0.015039062,29.68883514,7.559999943
0.01508789,29.86214447,7.579999924
0.015136719,29.76661682,7.599999905
0.015185547,29.86462021,7.619999886
0.015234375,29.89967728,7.639999866
0.015283204,29.95508766,7.659999847
0.015332031,30.22929764,7.679999828
0.015332031,30.18236732,7.699999809
0.01538086,30.15037155,7.71999979
0.015429687,30.18234634,7.739999771
0.015478516,30.24498749,7.760000229
0.015527345,30.56329536,7.78000021
0.015576172,30.48721886,7.800000191
0.015625001,30.41942406,7.820000172
0.015673828,30.50511169,7.840000153
0.015722657,30.500494,7.860000134
0.015722657,30.88011551,7.880000114
0.015771484,30.77664375,7.900000095
0.015820313,30.77174759,7.920000076
0.01586914,30.85667419,7.940000057
0.015917969,31.04963303,7.960000038
0.015966796,31.09233093,7.980000019
0.016015625,31.16764259,8
0.016064454,31.08802414,8.020000458
0.016064454,31.20658493,8.039999962
0.016113281,31.29191971,8.06000042
0.01616211,31.41994286,8.079999924
0.016210937,31.50816154,8.100000381
0.016259766,31.44886398,8.119999886
0.016308593,31.44057655,8.140000343
0.016357422,31.62606049,8.159999847
0.016357422,31.7347126,8.180000305
0.016406249,31.81503868,8.199999809
0.016455078,31.78227997,8.220000267
0.016503905,31.78931046,8.239999771
0.016552734,31.98693657,8.260000229
0.016601563,32.12062454,8.279999733
0.016650391,32.06215668,8.300000191
0.016699219,32.16727066,8.319999695
0.016748047,32.10557938,8.340000153
0.016748047,32.32976532,8.359999657
0.016796876,32.42338181,8.380000114
0.016845703,32.45866776,8.399999619
0.016894532,32.44494629,8.420000076
0.016943359,32.39582062,8.43999958
0.016992188,32.67195892,8.460000038
0.017041015,32.7173233,8.479999542
0.017041015,32.79948807,8.5
0.017089844,32.83924866,8.520000458
0.017138673,32.82639694,8.539999962
0.0171875,32.9596138,8.56000042
0.017236329,33.04778671,8.579999924
0.017285156,33.03934097,8.600000381
0.017333985,33.14870071,8.619999886
0.017333985,33.04505157,8.640000343
0.017382812,33.1760025,8.659999847
0.017431641,33.33351517,8.680000305
0.017480468,33.31232452,8.699999809
0.017529297,33.3666153,8.720000267
0.017578124,33.33132553,8.739999771
0.017578124,33.46374893,8.760000229
0.017626953,33.67020798,8.779999733
0.017675782,33.77131271,8.800000191
0.017724609,33.65715408,8.819999695
0.017773438,33.74564743,8.840000153
0.017773438,33.84186935,8.859999657
0.017822265,33.87028122,8.880000114
0.017871094,34.1210022,8.899999619
0.017919921,33.98454666,8.920000076
0.01796875,33.98475647,8.93999958
0.01796875,34.06381607,8.960000038
0.018017578,34.15148163,8.979999542
0.018066406,34.38218307,9
0.018115234,34.28329849,9.020000458
0.018164063,34.23761368,9.039999962
0.018212892,34.35790634,9.06000042
0.018212892,34.49147415,9.079999924
0.018261719,34.70750809,9.100000381
0.018310548,34.68129349,9.119999886
0.018359375,34.62598038,9.140000343
0.018408204,34.76875687,9.159999847
0.018457031,34.78491974,9.180000305
0.018457031,35.04972076,9.199999809
0.01850586,34.91685486,9.220000267
0.018554687,34.8561058,9.239999771
0.018603516,35.11471558,9.260000229
0.018652343,35.15431595,9.279999733
0.018652343,35.2875061,9.300000191
0.018701172,35.26795197,9.319999695
0.018750001,35.23156738,9.340000153
0.018798828,35.39904022,9.359999657
0.018798828,35.40694809,9.380000114
0.018847657,35.59776306,9.399999619
0.018896484,35.55899429,9.420000076
0.018945313,35.57650757,9.43999958
0.018945313,35.59473801,9.460000038
0.01899414,35.83073425,9.479999542
0.019042969,35.89082718,9.5
0.019091796,35.79468918,9.520000458
0.019140625,35.87243271,9.539999962
0.019140625,35.8587532,9.56000042
0.019189452,36.06092072,9.579999924
0.019238281,36.18173599,9.600000381
0.01928711,36.13404465,9.619999886
0.019335937,36.17120743,9.640000343
0.019335937,36.10312271,9.659999847
0.019384766,36.3200264,9.680000305
0.019433593,36.39191055,9.699999809
0.019482422,36.49343109,9.720000267
0.019482422,36.48119736,9.739999771
0.01953125,36.52322006,9.760000229
0.019580079,36.67688751,9.779999733
0.019628906,36.66576004,9.800000191
0.019628906,36.73061752,9.819999695
0.019677735,36.84098434,9.840000153
0.019726562,36.76423264,9.859999657
0.019775391,36.86551285,9.880000114
0.01982422,37.00652695,9.899999619
0.01982422,37.03017426,9.920000076
0.019873047,37.130867,9.93999958
0.019921876,37.02913284,9.960000038
0.019970703,37.2081604,9.979999542
0.019970703,37.30625916,10
0.020019532,37.32624435,10.02000046
0.020068359,37.2133522,10.03999996
0.020117188,37.29423523,10.06000042
0.020117188,37.51248932,10.07999992
0.020166015,37.64654541,10.10000038
0.020214844,37.57571411,10.11999989
0.020263671,37.52831268,10.14000034
0.020263671,37.78850174,10.15999985
0.0203125,37.75287628,10.18000031
0.020361329,37.88967133,10.19999981
0.020410156,37.91590118,10.22000027
0.020410156,37.8651619,10.23999977
0.020458985,37.9875946,10.26000023
0.020507812,37.93539429,10.27999973
0.020556641,38.1071434,10.30000019
0.020605468,38.28344345,10.31999969
0.020605468,38.23479462,10.34000015
0.020654297,38.2722435,10.35999966
0.020703124,38.3616333,10.38000011
0.020751953,38.43229675,10.39999962
0.02080078,38.60932541,10.42000008
0.02080078,38.49620438,10.43999958
0.020849609,38.52172089,10.46000004
0.020898438,38.75120544,10.47999954
0.020947266,38.76477051,10.5
0.020996094,38.88847351,10.52000046
0.020996094,38.84818649,10.53999996
0.021044922,38.86352921,10.56000042
0.021093751,39.11134338,10.57999992
0.021142578,39.07400513,10.60000038
0.021191407,39.22195053,10.61999989
0.021191407,39.14318466,10.64000034
0.021240234,39.21833038,10.65999985
0.021289063,39.27662659,10.68000031
0.02133789,39.48229599,10.69999981
0.021386719,39.43986511,10.72000027
0.021435548,39.57453918,10.73999977
0.021435548,39.40133667,10.76000023
0.021484375,39.57377243,10.77999973
0.021533204,39.79417038,10.80000019
0.021582031,39.77445221,10.81999969
0.02163086,39.79793167,10.84000015
0.021679687,39.71247864,10.85999966
0.021679687,39.9492569,10.88000011
0.021728516,40.20812225,10.89999962
0.021777343,40.10324097,10.92000008
0.021826172,40.18430328,10.93999958
0.021874999,40.18080521,10.96000004
0.021923828,40.25635147,10.97999954
0.021923828,40.44099045,11
0.021972657,40.49880981,11.02000046
0.022021484,40.45680618,11.03999996
0.022070313,40.55348587,11.06000042
0.02211914,40.54668808,11.07999992
0.022167969,40.74755859,11.10000038
0.022216796,40.90037918,11.11999989
0.022265625,40.96792984,11.14000034
0.022314453,40.94171524,11.15999985
0.022363281,41.02685928,11.18000031
0.022412109,41.21123505,11.19999981
0.022412109,41.30183029,11.22000027
0.022460938,41.35129166,11.23999977
0.022509766,41.3109436,11.26000023
0.022558594,41.4656105,11.27999973
0.022607423,41.54273987,11.30000019
0.02265625,41.75550842,11.31999969
0.022705079,41.62874222,11.34000015
0.022753906,41.58340454,11.35999966
0.022753906,41.82402802,11.38000011
0.022802735,41.83771133,11.39999962
0.022851562,42.04840088,11.42000008
0.022900391,42.10445786,11.43999958
0.022949218,41.92534637,11.46000004
0.022998047,42.10668945,11.47999954
0.023046876,42.16654968,11.5
0.023046876,42.34556198,11.52000046
0.023095703,42.32611084,11.53999996
0.023144532,42.2780838,11.56000042
0.023193359,42.42967987,11.57999992
0.023242188,42.51507187,11.60000038
0.023291015,42.72058105,11.61999989
0.023339844,42.83834839,11.64000034
0.023388671,42.60155487,11.65999985
0.023388671,42.79084015,11.68000031
0.0234375,42.94914627,11.69999981
0.023486327,43.07195663,11.72000027
0.023535156,43.09259415,11.73999977
0.023583985,42.98070526,11.76000023
0.023632812,43.1358223,11.77999973
0.023681641,43.31182861,11.80000019
0.023681641,43.35971832,11.81999969
0.023730468,43.42163086,11.84000015
0.023779297,43.40645599,11.85999966
0.023828125,43.45064163,11.88000011
0.023876953,43.57037735,11.89999962
0.023925781,43.65257263,11.92000008
0.023925781,43.73249435,11.93999958
0.02397461,43.74636078,11.96000004
0.024023437,43.75816345,11.97999954
0.024072266,43.86797714,12
0.024121095,44.05557632,12.02000046
0.024169922,44.08167648,12.03999996
0.024169922,44.17859268,12.06000042
0.024218751,44.11609268,12.07999992
0.024267578,44.26804733,12.10000038
0.024316407,44.45627594,12.11999989
0.024365234,44.43014145,12.14000034
0.024414063,44.45646286,12.15999985
0.02446289,44.51503372,12.18000031
0.02446289,44.61903381,12.19999981
0.024511719,44.81819534,12.22000027
0.024560546,44.77786636,12.23999977
0.024609375,44.79452515,12.26000023
0.024658204,44.87247849,12.27999973
0.024658204,44.95947647,12.30000019
0.024707031,45.18820572,12.31999969
0.02475586,45.11412811,12.34000015
0.024804687,45.16259003,12.35999966
0.024853516,45.1427002,12.38000011
0.024902343,45.23936844,12.39999962
0.024902343,45.39556122,12.42000008
0.024951172,45.4922142,12.43999958
0.024999999,45.4967041,12.46000004
0.025048828,45.46395493,12.47999954
0.025097655,45.61201096,12.5
0.025097655,45.76620102,12.52000046
0.025146484,45.84392548,12.53999996
0.025195313,45.80372238,12.56000042
0.02524414,45.76274872,12.57999992
0.025292969,45.95352173,12.60000038
0.025292969,46.07452774,12.61999989
0.025341797,46.14248657,12.64000034
0.025390626,46.0778656,12.65999985
0.025439453,46.09602737,12.68000031
0.025439453,46.2729454,12.69999981
0.025488282,46.40193176,12.72000027
0.025537109,46.49796677,12.73999977
0.025585938,46.46387863,12.76000023
0.025634765,46.40704727,12.77999973
0.025634765,46.66222763,12.80000019
0.025683594,46.63352203,12.81999969
0.025732423,46.81851196,12.84000015
0.02578125,46.86811447,12.85999966
0.02578125,46.69235992,12.88000011
0.025830079,46.91728592,12.89999962
0.025878906,47.02837372,12.92000008
0.025927735,47.16310501,12.93999958
0.025976562,47.07819748,12.96000004
0.025976562,47.12636948,12.97999954
0.026025391,47.19581985,13
0.026074218,47.35961151,13.02000046
0.026123047,47.45934296,13.03999996
0.026123047,47.49843216,13.06000042
0.026171874,47.40375137,13.07999992
0.026220703,47.61352539,13.10000038
0.026269532,47.77631378,13.11999989
0.026318359,47.81933975,13.14000034
0.026318359,47.89851761,13.15999985
0.026367188,47.84000015,13.18000031
0.026416015,47.96269989,13.19999981
0.026464844,48.08738708,13.22000027
0.026464844,48.18357468,13.23999977
0.026513671,48.21766281,13.26000023
0.0265625,48.19875336,13.27999973
0.026611327,48.20975113,13.30000019
0.026660156,48.41013336,13.31999969
0.026660156,48.57843781,13.34000015
0.026708984,48.50363159,13.35999966
0.026757813,48.48426819,13.38000011
0.026806641,48.52086639,13.39999962
0.026806641,48.66488647,13.42000008
0.026855469,48.88837051,13.43999958
0.026904298,48.71252823,13.46000004
0.026904298,48.75621033,13.47999954
0.026953125,48.84796906,13.5
0.027001954,49.01638794,13.52000046
0.027050781,49.08526993,13.53999996
0.027050781,49.05783844,13.56000042
0.02709961,49.07618332,13.57999992
0.027148437,49.23437881,13.60000038
0.027197266,49.25107956,13.61999989
0.027246093,49.41722107,13.64000034
0.027246093,49.34623337,13.65999985
0.027294922,49.41176987,13.68000031
0.027343751,49.42463303,13.69999981
0.027392578,49.53565216,13.72000027
0.027392578,49.79114914,13.73999977
0.027441407,49.80775833,13.76000023
0.027490234,49.79676056,13.77999973
0.027539063,49.79327393,13.80000019
0.02758789,49.97536087,13.81999969
0.02758789,50.12559509,13.84000015
0.027636719,50.11764145,13.85999966
0.027685546,50.02490616,13.88000011
0.027734375,50.17160416,13.89999962
0.027783202,50.37247467,13.92000008
0.027783202,50.47364044,13.93999958
0.027832031,50.5477066,13.96000004
0.02788086,50.41149902,13.97999954
0.027929687,50.53530502,14
0.027978516,50.73518753,14.02000046
0.027978516,50.76095581,14.03999996
0.028027343,50.85726166,14.06000042
0.028076172,50.8273735,14.07999992
0.028125,50.82661057,14.10000038
0.028173828,51.05778503,14.11999989
0.028173828,51.2395401,14.14000034
0.028222656,51.24072647,14.15999985
0.028271485,51.32442474,14.18000031
0.028320312,51.15497589,14.19999981
0.028369141,51.43352127,14.22000027
0.02841797,51.52880096,14.23999977
0.02841797,51.62184906,14.26000023
0.028466797,51.60845184,14.27999973
0.028515626,51.57608795,14.30000019
0.028564453,51.80617523,14.31999969
0.028613282,51.93994904,14.34000015
0.028662109,52.07400513,14.35999966
0.028710938,52.0031662,14.38000011
0.028759765,52.0622139,14.39999962
0.028759765,52.18004608,14.42000008
0.028808594,52.39311218,14.43999958
0.028857421,52.33720398,14.46000004
0.02890625,52.41013718,14.47999954
0.028955079,52.40101242,14.5
0.029003906,52.54122162,14.52000046
0.029052735,52.77226257,14.53999996
0.029052735,52.81887436,14.56000042
0.029101562,52.85628128,14.57999992
0.029150391,52.85611343,14.60000038
0.029199218,52.9628334,14.61999989
0.029248047,53.09579849,14.64000034
0.029296874,53.28847885,14.65999985
0.029345703,53.20412445,14.68000031
0.02939453,53.24803543,14.69999981
0.029443359,53.39865112,14.72000027
0.029443359,53.55712509,14.73999977
0.029492188,53.73963928,14.76000023
0.029541015,53.54038239,14.77999973
0.029589844,53.69228363,14.80000019
0.029638672,53.76872635,14.81999969
0.029687501,53.96367264,14.84000015
0.029736328,54.03250504,14.85999966
0.029736328,54.02644348,14.88000011
0.029785157,54.12958145,14.89999962
0.029833984,54.13525391,14.92000008
0.029882813,54.3094368,14.93999958
0.02993164,54.38916779,14.96000004
0.029980469,54.49440002,14.97999954
0.030029298,54.41213608,15
0.030029298,54.5368576,15.02000046
0.030078125,54.64667511,15.03999996
0.030126954,54.84322739,15.06000042
0.030175781,54.8702774,15.07999992
0.03022461,54.72747803,15.10000038
0.030273437,54.93824005,15.11999989
0.030273437,55.05712509,15.14000034
0.030322266,55.25959015,15.15999985
0.030371093,55.17261124,15.18000031
0.030419922,55.12115097,15.19999981
0.030468749,55.33811188,15.22000027
0.030517578,55.46372604,15.23999977
0.030566407,55.56389618,15.26000023
0.030566407,55.59312057,15.27999973
0.030615236,55.60332489,15.30000019
0.030664061,55.77976227,15.31999969
0.03071289,55.88754272,15.34000015
0.030761719,55.91324997,15.35999966
0.030810548,56.06073761,15.38000011
0.030810548,55.96256638,15.39999962
0.030859374,56.05541611,15.42000008
0.030908202,56.21190262,15.43999958
0.030957031,56.43241501,15.46000004
0.03100586,56.4063797,15.47999954
0.03100586,56.37179565,15.5
0.031054689,56.38334656,15.52000046
0.031103515,56.58286667,15.53999996
0.031152344,56.73316956,15.56000042
0.031201173,56.76683807,15.57999992
0.031201173,56.80384064,15.60000038
0.031250001,56.85190201,15.61999989
0.031298827,57.00049591,15.64000034
0.031347656,57.21050262,15.65999985
0.031396485,57.07450485,15.68000031
0.031445314,57.1998024,15.69999981
0.031445314,57.29042053,15.72000027
0.031494139,57.36955261,15.73999977
0.031542968,57.57419968,15.76000023
0.031591797,57.57586288,15.77999973
0.031640626,57.56380463,15.80000019
0.031640626,57.67147446,15.81999969
0.031689455,57.81409073,15.84000015
0.03173828,57.96229172,15.85999966
0.031787109,57.95808792,15.88000011
0.031835938,57.94490051,15.89999962
0.031835938,58.27988052,15.92000008
0.031884767,58.11793518,15.93999958
0.031933592,58.43732452,15.96000004
0.031982421,58.3235321,15.97999954
0.03203125,58.31569672,16
0.03203125,58.46248245,16.02000046
0.032080079,58.55920792,16.04000092
0.032128908,58.71245575,16.05999947
0.032177733,58.67751312,16.07999992
0.032226562,58.73907089,16.10000038
0.032226562,58.73442841,16.12000084
0.032275391,59.01845932,16.13999939
0.03232422,58.99562454,16.15999985
0.032373046,59.0777626,16.18000031
0.032421874,59.13904572,16.20000076
0.032421874,59.19999695,16.21999931
0.032470703,59.34015656,16.23999977
0.032519532,59.31452942,16.26000023
0.032568358,59.54107285,16.28000069
0.032568358,59.44146729,16.29999924
0.032617187,59.54089355,16.31999969
0.032666016,59.61574173,16.34000015
0.032714845,59.76569748,16.36000061
0.032714845,60.00900269,16.37999916
0.032763674,59.95203781,16.39999962
0.032812499,59.93102646,16.42000008
0.032861328,60.1219368,16.44000053
0.032910157,60.22724152,16.45999908
0.032910157,60.28385162,16.47999954
0.032958986,60.29249954,16.5
0.033007811,60.26483154,16.52000046
0.03305664,60.40577316,16.54000092
0.03305664,60.64842606,16.55999947
0.033105469,60.62804031,16.57999992
0.033154298,60.74233246,16.60000038
0.033203127,60.63453674,16.62000084
0.033203127,60.90684128,16.63999939
0.033251952,61.01023483,16.65999985
0.033300781,61.06904984,16.68000031
0.03334961,61.06256104,16.70000076
0.033398439,61.1210022,16.71999931
0.033398439,61.22990799,16.73999977
0.033447264,61.36789703,16.76000023
0.033496093,61.41745377,16.78000069
0.033544922,61.4764595,16.79999924
0.033544922,61.5212059,16.81999969
0.033593751,61.53998566,16.84000015
0.033642576,61.71231461,16.86000061
0.033691405,61.83411407,16.87999916
0.033740234,61.91754532,16.89999962
0.033740234,61.92829895,16.92000008
0.033789063,62.00761414,16.94000053
0.033837892,62.15934372,16.95999908
0.033837892,62.25278091,16.97999954
0.033886718,62.26363754,17
0.033935547,62.30187607,17.02000046
0.033984375,62.38428879,17.04000092
0.034033204,62.59047699,17.05999947
0.034033204,62.78666306,17.07999992
0.03408203,62.68405151,17.10000038
0.034130859,62.77133942,17.12000084
0.034179688,62.76233292,17.13999939
0.034179688,62.8664856,17.15999985
0.034228517,63.24960709,17.18000031
0.034277346,63.05912018,17.20000076
0.034326171,63.02410889,17.21999931
0.034375,63.20870209,17.23999977
0.034375,63.3339653,17.26000023
0.034423829,63.57105255,17.28000069
0.034472658,63.52000046,17.29999924
0.034521483,63.54981995,17.31999969
0.034570312,63.71438599,17.34000015
0.034619141,63.84712982,17.36000061
0.034619141,64.0042572,17.37999916
0.03466797,64.01091003,17.39999962
0.034716795,63.96764374,17.42000008
0.034765624,64.11121368,17.44000053
0.034814453,64.29976654,17.45999908
0.034863282,64.47846222,17.47999954
0.034863282,64.47444153,17.5
0.034912111,64.52464294,17.52000046
0.034960936,64.5717392,17.54000092
0.035009765,64.69273376,17.55999947
0.035058594,64.84266663,17.57999992
0.035107423,64.9235611,17.60000038
0.035107423,64.91679382,17.62000084
0.035156248,64.91509247,17.63999939
0.035205077,65.24113464,17.65999985
0.035253906,65.31964874,17.68000031
0.035302735,65.43545532,17.70000076
0.035351564,65.41286469,17.71999931
0.03540039,65.42375183,17.73999977
0.03540039,65.77590942,17.76000023
0.035449219,65.81315613,17.78000069
0.035498048,65.8501358,17.79999924
0.035546876,65.92498779,17.81999969
0.035595702,66.01387024,17.84000015
0.035644531,66.14667511,17.86000061
0.03569336,66.40345764,17.87999916
0.035742189,66.35877991,17.89999962
0.035791014,66.46191406,17.92000008
0.035839843,66.52735901,17.94000053
0.035888672,66.71999359,17.95999908
0.035888672,66.89057922,17.97999954
0.035937501,66.92441559,18
0.03598633,66.97084045,18.02000046
0.036035155,67.03294373,18.04000092
0.036083984,67.16833496,18.05999947
0.036132813,67.42064667,18.07999992
0.036181642,67.45642853,18.10000038
0.036230467,67.45913696,18.12000084
0.036279296,67.48628235,18.13999939
0.036279296,67.64854431,18.15999985
0.036328125,67.85009766,18.18000031
0.036376954,67.86714935,18.20000076
0.036425783,67.92681885,18.21999931
0.036474608,68.00931549,18.23999977
0.036523437,68.12297058,18.26000023
0.036572266,68.34547424,18.28000069
0.036621095,68.4493866,18.29999924
0.036621095,68.42555237,18.31999969
0.036669921,68.54439545,18.34000015
0.036718749,68.68087769,18.36000061
0.036767578,68.89308167,18.37999916
0.036816407,68.97927856,18.39999962
0.036865233,68.96360779,18.42000008
0.036914062,68.99645233,18.44000053
0.036962891,69.28909302,18.45999908
0.036962891,69.35124969,18.47999954
0.03701172,69.55222321,18.5
0.037060548,69.51237488,18.52000046
0.037109374,69.51361084,18.54000092
0.037158203,69.70456696,18.55999947
0.037207032,69.82933044,18.57999992
0.037207032,70.00250244,18.60000038
0.037255861,69.98981476,18.62000084
0.037304686,69.98561859,18.63999939
0.037353515,70.24717712,18.65999985
0.037402344,70.37085724,18.68000031
0.037451173,70.43774414,18.70000076
0.037500002,70.51770782,18.71999931
0.037500002,70.48902893,18.73999977
0.037548827,70.74414825,18.76000023
0.037597656,70.82777405,18.78000069
0.037646485,70.92185211,18.79999924
0.037695314,70.99424744,18.81999969
0.037744139,71.06145477,18.84000015
0.037744139,71.27310181,18.86000061
0.037792968,71.33403015,18.87999916
0.037841797,71.44834137,18.89999962
0.037890626,71.58679199,18.92000008
0.037939451,71.57352448,18.94000053
0.037939451,71.65323639,18.95999908
0.03798828,71.92436218,18.97999954
0.038037109,71.97266388,19
0.038085938,71.93494415,19.02000046
0.038134767,72.00999451,19.04000092
0.038134767,72.11572266,19.05999947
0.038183593,72.36079407,19.07999992
0.038232422,72.41274261,19.10000038
0.03828125,72.35899353,19.12000084
0.038330079,72.53735352,19.13999939
0.038378905,72.57863617,19.15999985
0.038378905,72.87771606,19.18000031
0.038427734,72.90926361,19.20000076
0.038476563,72.93852234,19.21999931
0.038525392,73.05345917,19.23999977
0.038574221,73.09947205,19.26000023
0.038574221,73.28743744,19.28000069
0.038623046,73.4355545,19.29999924
0.038671875,73.4196167,19.31999969
0.038720704,73.42785645,19.34000015
0.038769533,73.53569031,19.36000061
0.038769533,73.78350067,19.37999916
0.038818358,73.91743469,19.39999962
0.038867187,73.87727356,19.42000008
0.038916016,73.94623566,19.44000053
0.038964845,74.12870789,19.45999908
0.038964845,74.25551605,19.47999954
0.03901367,74.48430634,19.5
0.039062499,74.39389038,19.52000046
0.039111328,74.5016861,19.54000092
0.039160157,74.69088745,19.55999947
0.039160157,74.74633026,19.57999992
0.039208986,74.88292694,19.60000038
0.039257811,74.88514709,19.62000084
0.03930664,74.93975067,19.63999939
0.039355469,75.17037201,19.65999985
0.039355469,75.25593567,19.68000031
0.039404298,75.43995667,19.70000076
0.039453123,75.55648041,19.71999931
0.039501952,75.50436401,19.73999977
0.039501952,75.67017365,19.76000023
0.039550781,75.79253387,19.78000069
0.03959961,75.88371277,19.79999924
0.039648439,75.97792816,19.81999969
0.039648439,75.99682617,19.84000015
0.039697265,76.04873657,19.86000061
0.039746094,76.22388458,19.87999916
0.039794922,76.4023819,19.89999962
0.039794922,76.47909546,19.92000008
0.039843751,76.51378632,19.94000053
0.039892577,76.49729919,19.95999908
0.039941406,76.70690918,19.97999954
0.039941406,76.88521576,20
0.039990235,76.87915039,20.02000046
0.040039064,76.91864014,20.04000092
0.040087889,76.98126984,20.05999947
0.040087889,77.1905899,20.07999992
0.040136718,77.36231232,20.10000038
0.040185547,77.42388153,20.12000084
0.040234376,77.51415253,20.13999939
0.040283205,77.50717163,20.15999985
0.040283205,77.81330872,20.18000031
0.04033203,77.94309235,20.20000076
0.040380859,77.86766052,20.21999931
0.040429688,78.0561676,20.23999977
0.040429688,77.99806213,20.26000023
0.040478517,78.26035309,20.28000069
0.040527342,78.46542358,20.29999924
0.040576171,78.41603088,20.31999969
0.040625,78.52418518,20.34000015
0.040625,78.54975891,20.36000061
0.040673829,78.757164,20.37999916
0.040722658,78.9641571,20.39999962
0.040771483,78.92777252,20.42000008
0.040771483,79.08576202,20.44000053
0.040820312,79.16162109,20.45999908
0.040869141,79.27138519,20.47999954
0.04091797,79.49554443,20.5
0.040966795,79.51480865,20.52000046
0.040966795,79.56369019,20.54000092
0.041015624,79.62995148,20.55999947
0.041064453,79.85440826,20.57999992
0.041113282,80.02036285,20.60000038
0.041162108,80.21888733,20.62000084
0.041162108,80.14507294,20.63999939
0.041210937,80.18586731,20.65999985
0.041259766,80.38307953,20.68000031
0.041308595,80.51909637,20.70000076
0.041357423,80.7204895,20.71999931
0.041406249,80.76860046,20.73999977
0.041406249,80.79309082,20.76000023
0.041455078,81.0025177,20.78000069
0.041503907,81.20045471,20.79999924
0.041552736,81.35194397,20.81999969
0.041601561,81.33613586,20.84000015
0.04165039,81.38785553,20.86000061
0.04165039,81.62687683,20.87999916
0.041699219,81.73727417,20.89999962
0.041748048,81.94139862,20.92000008
0.041796877,81.99248505,20.94000053
0.041845702,82.05516052,20.95999908
0.041894531,82.27441406,20.97999954
0.04194336,82.35092163,21
0.041992189,82.56103516,21.02000046
0.042041014,82.63215637,21.04000092
0.042041014,82.69064331,21.05999947
0.042089843,82.80310059,21.07999992
0.042138672,82.99272919,21.10000038
0.042187501,83.15250397,21.12000084
0.042236326,83.2926712,21.13999939
0.042285155,83.30273438,21.15999985
0.042333984,83.40736389,21.18000031
0.042333984,83.68604279,21.20000076
0.042382813,83.74868011,21.21999931
0.042431642,83.89678955,21.23999977
0.042480468,83.95452118,21.26000023
0.042529296,84.25672913,21.28000069
0.042578125,84.43087769,21.29999924
0.042626954,84.63480377,21.31999969
0.04267578,84.55774689,21.34000015
0.042724609,84.6973114,21.36000061
0.042773438,84.80254364,21.37999916
0.042822267,84.98297119,21.39999962
0.042822267,85.18473053,21.42000008
0.042871096,85.26268005,21.44000053
0.042919921,85.3502121,21.45999908
0.04296875,85.4063797,21.47999954
0.043017579,85.70613861,21.5
0.043066408,85.83795166,21.52000046
0.043115233,85.84212494,21.54000092
0.043164062,85.95104218,21.55999947
0.043212891,86.12359619,21.57999992
0.043212891,86.39725494,21.60000038
0.04326172,86.58681488,21.62000084
0.043310545,86.49543762,21.63999939
0.043359374,86.56317139,21.65999985
0.043408203,86.76464081,21.68000031
0.043457032,87.03684998,21.70000076
0.043505861,87.20063782,21.71999931
0.043505861,87.16586304,21.73999977
0.043554686,87.23723602,21.76000023
0.043603515,87.42317963,21.78000069
0.043652344,87.49176025,21.79999924
0.043701173,87.79424286,21.81999969
0.043749998,87.78614044,21.84000015
0.043749998,87.87472534,21.86000061
0.043798827,88.0433197,21.87999916
0.043847656,88.22637939,21.89999962
0.043896485,88.43148804,21.92000008
0.043945314,88.53408813,21.94000053
0.04399414,88.52002716,21.95999908
0.044042969,88.61066437,21.97999954
0.044042969,88.8325882,22
0.044091797,88.94235992,22.02000046
0.044140626,89.07450104,22.04000092
0.044189452,88.99876404,22.05999947
0.044238281,89.22420502,22.07999992
0.044238281,89.53118134,22.10000038
0.04428711,89.53818512,22.12000084
0.044335939,89.62246704,22.13999939
0.044384764,89.62546539,22.15999985
0.044433593,89.70683289,22.18000031
0.044482422,90.06227112,22.20000076
0.044482422,90.25813293,22.21999931
0.044531251,90.33154297,22.23999977
0.04458008,90.38174438,22.26000023
0.044628905,90.4725647,22.28000069
0.044628905,90.65904999,22.29999924
0.044677734,90.77368927,22.31999969
0.044726563,90.92599487,22.34000015
0.044775392,91.02980042,22.36000061
0.044824217,90.97785187,22.37999916
0.044873046,91.32488251,22.39999962
0.044921875,91.48391724,22.42000008
0.044921875,91.68068695,22.44000053
0.044970704,91.69037628,22.45999908
0.045019533,91.71847534,22.47999954
0.045068358,91.96891785,22.5
0.045068358,92.15528107,22.52000046
0.045117187,92.34922028,22.54000092
0.045166016,92.33491516,22.55999947
0.045214845,92.34526062,22.57999992
0.04526367,92.53675842,22.60000038
0.04526367,92.80903625,22.62000084
0.045312499,92.91259766,22.63999939
0.045361328,92.95243835,22.65999985
0.045410157,93.02051544,22.68000031
0.045458983,93.22497559,22.70000076
0.045507812,93.46263885,22.71999931
0.045507812,93.52540588,22.73999977
0.045556641,93.6337738,22.76000023
0.045605469,93.66634369,22.78000069
0.045605469,93.76591492,22.79999924
0.045654298,94.09484863,22.81999969
0.045703124,94.27054596,22.84000015
0.045751953,94.20845032,22.86000061
0.045800782,94.3318634,22.87999916
0.045849611,94.52062225,22.89999962
0.045849611,94.78108978,22.92000008
0.045898436,94.89646912,22.94000053
0.045947265,95.02103424,22.95999908
0.045996094,94.98590851,22.97999954
0.046044923,95.19713593,23
0.046044923,95.39217377,23.02000046
0.046093752,95.59116364,23.04000092
0.046142577,95.50113678,23.05999947
0.046191406,95.67152405,23.07999992
0.046191406,95.84200287,23.10000038
0.046240235,96.06469727,23.12000084
0.046289064,96.21907806,23.13999939
0.046337889,96.2355957,23.15999985
0.046386718,96.28452301,23.18000031
0.046386718,96.55699158,23.20000076
0.046435547,96.59779358,23.21999931
0.046484376,96.88923645,23.23999977
0.046533201,96.97801208,23.26000023
0.046533201,96.92045593,23.28000069
0.04658203,97.13790894,23.29999924
0.046630859,97.28829956,23.31999969
0.046679688,97.52885437,23.34000015
0.046679688,97.61473846,23.36000061
0.046728517,97.59135437,23.37999916
0.046777343,97.81549072,23.39999962
0.046826171,97.98051453,23.42000008
0.046826171,98.22615051,23.44000053
0.046875,98.26605225,23.45999908
0.046923829,98.32183838,23.47999954
0.046972655,98.47793579,23.5
0.046972655,98.7514267,23.52000046
0.047021484,98.83372498,23.54000092
0.047070313,98.94406128,23.55999947
0.047119142,98.91641998,23.57999992
0.047119142,99.12447357,23.60000038
0.04716797,99.31655884,23.62000084
0.047216796,99.51542664,23.63999939
0.047265625,99.64757538,23.65999985
0.047314454,99.64562988,23.68000031
0.047314454,99.81677246,23.70000076
0.047363283,100.1401672,23.71999931
0.047412108,100.2444687,23.73999977
0.047460937,100.4017715,23.76000023
0.047509766,100.3652878,23.78000069
0.047558595,100.534996,23.79999924
0.047558595,100.8234787,23.81999969
0.04760742,100.922348,23.84000015
0.047656249,100.9597015,23.86000061
0.047705078,101.0941467,23.87999916
0.047705078,101.2927856,23.89999962
0.047753907,101.4967651,23.92000008
0.047802736,101.6884689,23.94000053
0.047851561,101.8706741,23.95999908
0.04790039,101.969696,23.97999954
0.047949219,102.0223312,24
0.047949219,102.2100754,24.02000046
0.047998048,102.4773788,24.04000092
0.048046873,102.5991592,24.05999947
0.048095702,102.6336136,24.07999992
0.048144531,102.7669373,24.10000038
0.04819336,102.97612,24.12000084
0.04819336,103.2955475,24.13999939
0.048242189,103.3638,24.15999985
0.048291015,103.363884,24.18000031
0.048339843,103.5737991,24.20000076
0.048388672,103.7471619,24.21999931
0.048388672,104.0488281,24.23999977
0.048437501,104.1143265,24.26000023
0.048486327,104.1498642,24.28000069
0.048535156,104.3902054,24.29999924
0.048583985,104.5112534,24.31999969
0.048632814,104.8187256,24.34000015
0.048681639,104.92453,24.36000061
0.048730468,105.0906067,24.37999916
0.048730468,105.2310104,24.39999962
0.048779297,105.5024109,24.42000008
0.048828126,105.6693497,24.44000053
0.048876955,105.8315582,24.45999908
0.04892578,106.0092773,24.47999954
0.048974609,106.0873871,24.5
0.049023438,106.3132019,24.52000046
0.049072267,106.5820389,24.54000092
0.049121092,106.8276596,24.55999947
0.049121092,106.8460846,24.57999992
0.049169921,106.8843918,24.60000038
0.04921875,107.2212601,24.62000084
0.049267579,107.4204178,24.63999939
0.049316408,107.581398,24.65999985
0.049365233,107.7470169,24.68000031
0.049414062,107.7559891,24.70000076
0.049462891,108.1305695,24.71999931
0.04951172,108.2772446,24.73999977
0.049560545,108.5350113,24.76000023
0.049609374,108.6261368,24.78000069
0.049658203,108.7784042,24.79999924
0.049658203,109.1253586,24.81999969
0.049707032,109.206955,24.84000015
0.049755858,109.4002991,24.86000061
0.049804687,109.5384521,24.87999916
0.049853516,109.5859375,24.89999962
0.049902344,109.9053574,24.92000008
0.049951173,110.1571274,24.94000053
0.049951173,110.3028717,24.95999908
0.049999999,110.3545685,24.97999954
0.050048828,110.3617325,25
0.050097657,110.7135773,25.02000046
0.050097657,110.8864059,25.04000092
0.050146486,111.0756073,25.05999947
0.050195311,111.2325287,25.07999992
0.05024414,111.2668457,25.10000038
0.050292969,111.4483109,25.12000084
0.050341798,111.7500381,25.13999939
0.050390627,111.9546585,25.15999985
0.050390627,112.0447845,25.18000031
0.050439452,112.1297226,25.20000076
0.050488281,112.4252396,25.21999931
0.05053711,112.5021362,25.23999977
0.050585939,112.8056564,25.26000023
0.050634764,112.8457794,25.28000069
0.050634764,112.9622345,25.29999924
0.050683593,113.1780396,25.31999969
0.050732422,113.4156418,25.34000015
0.050781251,113.7255707,25.36000061
0.050830076,113.7382126,25.37999916
0.050878905,113.8850403,25.39999962
0.050927734,114.0917969,25.42000008
0.050976563,114.3596573,25.44000053
0.051025392,114.6020279,25.45999908
0.051025392,114.73806,25.47999954
0.051074217,114.7738724,25.5
0.051123046,115.0237579,25.52000046
0.051171875,115.2106094,25.54000092
0.051220704,115.4190216,25.55999947
0.051220704,115.6056824,25.57999992
0.05126953,115.5871811,25.60000038
0.051318359,115.8186417,25.62000084
0.051367188,116.0052872,25.63999939
0.051416017,116.319397,25.65999985
0.051464845,116.4214172,25.68000031
0.051464845,116.5351181,25.70000076
0.051513671,116.7509308,25.71999931
0.0515625,117.0024643,25.73999977
0.051611329,117.0697174,25.76000023
0.051660158,117.2690735,25.78000069
0.051660158,117.3342514,25.79999924
0.051708983,117.5130768,25.81999969
0.051757812,117.6739731,25.84000015
0.051806641,117.9426346,25.86000061
0.051806641,118.1376114,25.87999916
0.05185547,118.131424,25.89999962
0.051904295,118.3005829,25.92000008
0.051953124,118.5549622,25.94000053
0.052001953,118.773674,25.95999908
0.052001953,118.9365463,25.97999954
0.052050782,118.8739624,26
0.052099611,119.1723709,26.02000046
0.052099611,119.3479004,26.04000092
0.052148436,119.6630783,26.05999947
0.052197265,119.7068024,26.07999992
0.052246094,119.8623962,26.10000038
0.052294923,120.0174637,26.12000084
0.052343748,120.2998428,26.13999939
0.052343748,120.574295,26.15999985
0.052392577,120.7144928,26.18000031
0.052441406,120.8162003,26.20000076
0.052490235,120.8644562,26.21999931
0.052539064,121.0333023,26.23999977
0.05258789,121.4889603,26.26000023
0.05258789,121.4768066,26.28000069
0.052636718,121.6113052,26.29999924
0.052685547,121.734108,26.31999969
0.052734376,121.9460907,26.34000015
0.052734376,122.276329,26.36000061
0.052783202,122.3710938,26.37999916
0.052832031,122.4388809,26.39999962
0.05288086,122.5523148,26.42000008
0.05288086,122.7332153,26.44000053
0.052929689,123.0931854,26.45999908
0.052978514,123.1575623,26.47999954
0.053027343,123.3310165,26.5
0.053076172,123.4434204,26.52000046
0.053076172,123.7916107,26.54000092
0.053125001,123.9506149,26.55999947
0.05317383,124.1486282,26.57999992
0.053222655,124.1785812,26.60000038
0.053271484,124.3441772,26.62000084
0.053271484,124.7172012,26.63999939
0.053320313,124.8747711,26.65999985
0.053369142,125.0131989,26.68000031
0.053417967,124.9934311,26.70000076
0.053417967,125.2186279,26.71999931
0.053466796,125.5253906,26.73999977
0.053515625,125.5864868,26.76000023
0.053564454,125.8882446,26.78000069
0.053564454,125.9472885,26.79999924
0.053613283,126.0629349,26.81999969
0.053662108,126.3906097,26.84000015
0.053710937,126.5764847,26.86000061
0.053710937,126.7912979,26.87999916
0.053759766,126.8715363,26.89999962
0.053808595,127.0030136,26.92000008
0.05385742,127.270752,26.94000053
0.053906249,127.4161758,26.95999908
0.053906249,127.6579056,26.97999954
0.053955078,127.7573242,27
0.054003907,127.8672562,27.02000046
0.054052733,128.1226196,27.04000092
0.054052733,128.4135895,27.05999947
0.054101562,128.6480865,27.07999992
0.05415039,128.84552,27.10000038
0.054199219,128.8421173,27.12000084
0.054248048,129.1080322,27.13999939
0.054296874,129.3790436,27.15999985
0.054296874,129.5656281,27.18000031
0.054345703,129.6941986,27.20000076
0.054394532,129.7022705,27.21999931
0.054443361,129.9687805,27.23999977
0.054492186,130.3934631,27.26000023
0.054492186,130.474472,27.28000069
0.054541015,130.6139069,27.29999924
0.054589844,130.6842499,27.31999969
0.054638673,130.9733124,27.34000015
0.054687502,131.3598938,27.36000061
0.054687502,131.5069122,27.37999916
0.054736327,131.6215515,27.39999962
0.054785156,131.6163788,27.42000008
0.054833985,131.9633026,27.44000053
0.054882814,132.2250977,27.45999908
0.054931639,132.6134644,27.47999954
0.054931639,132.7066956,27.5
0.054980468,132.8276978,27.52000046
0.055029297,133.0684357,27.54000092
0.055078126,133.3289795,27.55999947
0.055126951,133.6304626,27.57999992
0.05517578,133.7585602,27.60000038
0.055224609,133.904068,27.62000084
0.055273438,134.242981,27.63999939
0.055273438,134.5102692,27.65999985
0.055322267,134.8822327,27.68000031
0.055371092,134.8732452,27.70000076
0.055419921,135.062912,27.71999931
0.05546875,135.3944855,27.73999977
0.055517579,135.6763,27.76000023
0.055566405,135.9823303,27.78000069
0.055615234,136.1799622,27.79999924
0.055615234,136.2591095,27.81999969
0.055664063,136.6169434,27.84000015
0.055712891,136.7226257,27.86000061
0.05576172,137.069397,27.87999916
0.055810546,137.3098145,27.89999962
0.055859375,137.3355255,27.92000008
0.055908204,137.6733398,27.94000053
0.055957033,137.9775543,27.95999908
0.055957033,138.234726,27.97999954
0.056005858,138.4063263,28
0.056054687,138.4816742,28.02000046
0.056103516,138.7591858,28.04000092
0.056152345,139.0645142,28.05999947
0.05620117,139.3800659,28.07999992
0.056249999,139.4628906,28.10000038
0.056249999,139.5500488,28.12000084
0.056298828,139.841507,28.13999939
0.056347657,140.3004913,28.15999985
0.056396486,140.598175,28.18000031
0.056445311,140.5976715,28.20000076
0.05649414,140.7692871,28.21999931
0.056542969,141.0473938,28.23999977
0.056591798,141.4228668,28.26000023
0.056591798,141.6460876,28.28000069
0.056640623,141.8513947,28.29999924
0.056689452,141.9946899,28.31999969
0.056738281,142.3008118,28.34000015
0.05678711,142.4997101,28.36000061
0.056835939,142.8651886,28.37999916
0.056884764,143.0228882,28.39999962
0.056933593,143.2653198,28.42000008
0.056982422,143.4624786,28.44000053
0.056982422,143.7361603,28.45999908
0.057031251,144.2054596,28.47999954
0.057080077,144.338562,28.5
0.057128906,144.4233093,28.52000046
0.057177735,144.5374298,28.54000092
0.057226564,144.9147797,28.55999947
0.057226564,145.2941589,28.57999992
0.057275389,145.4370575,28.60000038
0.057324218,145.5241089,28.62000084
0.057373047,145.7605286,28.63999939
0.057421876,146.0033875,28.65999985
0.057470705,146.3032532,28.68000031
0.057470705,146.5350342,28.70000076
0.05751953,146.5963135,28.71999931
0.057568359,146.8607483,28.73999977
0.057617188,147.1270599,28.76000023
0.057666017,147.3974457,28.78000069
0.057666017,147.6595764,28.79999924
0.057714842,147.7405548,28.81999969
0.057763671,147.9759064,28.84000015
0.0578125,148.2715607,28.86000061
0.057861329,148.5480652,28.87999916
0.057861329,148.8528595,28.89999962
0.057910158,149.0208435,28.92000008
0.057958983,149.0330963,28.94000053
0.058007812,149.3942566,28.95999908
0.058056641,149.6805573,28.97999954
0.058056641,149.9095459,29
0.05810547,150.0171509,29.02000046
0.058154295,150.1932068,29.04000092
0.058203124,150.5971375,29.05999947
0.058251953,150.8003998,29.07999992
0.058251953,151.0904846,29.10000038
0.058300782,151.2347565,29.12000084
0.058349608,151.3730927,29.13999939
0.058398437,151.7183533,29.15999985
0.058447265,151.8922119,29.18000031
0.058496094,152.1368561,29.20000076
0.058496094,152.4855499,29.21999931
0.058544923,152.5032349,29.23999977
0.058593749,152.8059387,29.26000023
0.058642578,153.1119232,29.28000069
0.058642578,153.3620758,29.29999924
0.058691407,153.6411133,29.31999969
0.058740236,153.618042,29.34000015
0.058789061,153.9440918,29.36000061
0.05883789,154.2928772,29.37999916
0.05883789,154.5831146,29.39999962
0.058886719,154.7483673,29.42000008
0.058935548,154.8542175,29.44000053
0.058984377,155.0853271,29.45999908
0.058984377,155.4273682,29.47999954
0.059033202,155.6634369,29.5
0.059082031,155.7218933,29.52000046
0.05913086,155.9353027,29.54000092
0.059179689,156.2179413,29.55999947
0.059179689,156.5639343,29.57999992
0.059228514,156.8601685,29.60000038
0.059277343,156.8284149,29.62000084
0.059326172,157.1195068,29.63999939
0.059326172,157.3339539,29.65999985
0.059375001,157.6738892,29.68000031
0.059423826,157.8718262,29.70000076
0.059472655,157.9410706,29.71999931
0.059472655,158.2341919,29.73999977
0.059521484,158.4872589,29.76000023
0.059570313,158.6739197,29.78000069
0.059619142,159.0327911,29.79999924
0.059667967,159.2158356,29.81999969
0.059667967,159.4237976,29.84000015
0.059716796,159.7440491,29.86000061
0.059765625,159.953064,29.87999916
0.059814454,160.1987457,29.89999962
0.059814454,160.3811951,29.92000008
0.05986328,160.5482788,29.94000053
0.059912109,160.8233032,29.95999908
0.059960938,161.1586609,29.97999954
0.059960938,161.3316803,30
0.060009766,161.5093231,30.02000046
0.060058595,161.5979767,30.04000092
0.060107421,162.0235596,30.05999947
0.060107421,162.2188263,30.07999992
0.06015625,162.6134491,30.10000038
0.060205079,162.767395,30.12000084
0.060253908,162.8439331,30.13999939
0.060253908,163.1419678,30.15999985
0.060302733,163.5251312,30.18000031
0.060351562,163.6965332,30.20000076
0.060400391,163.9185333,30.21999931
0.060400391,163.9731445,30.23999977
0.06044922,164.2757416,30.26000023
0.060498045,164.5601196,30.28000069
0.060546874,164.8081512,30.29999924
0.060546874,165.1333466,30.31999969
0.060595703,165.2341614,30.34000015
0.060644532,165.5817413,30.36000061
0.060693361,165.9828491,30.37999916
0.060742186,166.2132568,30.39999962
0.060742186,166.3522339,30.42000008
0.060791015,166.4627228,30.44000053
0.060839844,166.6822357,30.45999908
0.060888673,166.9659271,30.47999954
0.060888673,167.2970428,30.5
0.060937498,167.5428772,30.52000046
0.060986327,167.7194977,30.54000092
0.061035156,167.949707,30.55999947
0.061083985,168.3224792,30.57999992
0.061083985,168.6746826,30.60000038
0.061132814,168.8539124,30.62000084
0.061181643,168.9841614,30.63999939
0.061230472,169.2285919,30.65999985
0.061279294,169.5820923,30.68000031
0.061279294,170.1082916,30.70000076
0.061328123,170.1386414,30.71999931
0.061376952,170.3563995,30.73999977
0.061425781,170.5818634,30.76000023
0.06147461,170.9584198,30.78000069
0.061523438,171.3661346,30.79999924
0.061523438,171.5264282,30.81999969
0.061572267,171.6919708,30.84000015
0.061621096,171.9611053,30.86000061
0.061669925,172.3368073,30.87999916
0.061718747,172.6996918,30.89999962
0.061767576,172.9105225,30.92000008
0.061767576,173.1789246,30.94000053
0.061816405,173.4661713,30.95999908
0.061865234,173.7853699,30.97999954
0.061914063,174.1160431,31
0.061962892,174.2865448,31.02000046
0.062011721,174.4608154,31.04000092
0.062011721,174.7933655,31.05999947
0.06206055,175.122818,31.07999992
0.062109379,175.4598083,31.10000038
0.0621582,175.7966766,31.12000084
0.062207029,175.9962463,31.13999939
0.062255858,176.2045441,31.15999985
0.062304687,176.6179047,31.18000031
0.062353516,177.0404358,31.20000076
0.062402345,177.3192444,31.21999931
0.062451174,177.5943909,31.23999977
0.062451174,177.881897,31.26000023
0.062500003,178.2545471,31.28000069
0.062548825,178.5718842,31.29999924
0.062597654,178.7920227,31.31999969
0.062646483,179.0034332,31.34000015
0.062695311,179.2539215,31.36000061
0.06274414,179.8036499,31.37999916
0.062792969,180.0061188,31.39999962
0.062841798,180.3278961,31.42000008
0.062841798,180.7290649,31.44000053
0.062890627,180.8602448,31.45999908
0.062939456,181.3439941,31.47999954
0.062988278,181.5840149,31.5
0.063037107,181.7996216,31.52000046
0.063085936,182.1791077,31.54000092
0.063134765,182.3669739,31.55999947
0.063134765,182.7555084,31.57999992
0.063183594,183.1754608,31.60000038
0.063232423,183.419632,31.62000084
0.063281252,183.5279694,31.63999939
0.063330081,183.8690643,31.65999985
0.06337891,184.3348389,31.68000031
0.063427731,184.6691742,31.70000076
0.063427731,184.9657135,31.71999931
0.06347656,185.2343292,31.73999977
0.063525389,185.3414307,31.76000023
0.063574218,185.7155304,31.78000069
0.063623047,185.9503479,31.79999924
0.063623047,186.3482208,31.81999969
0.063671876,186.5912323,31.84000015
0.063720705,186.7926025,31.86000061
0.063769534,187.0485535,31.87999916
0.063818363,187.4519196,31.89999962
0.063867185,187.8876953,31.92000008
0.063916013,188.118576,31.94000053
0.063916013,188.306366,31.95999908
0.063964842,188.7150726,31.97999954
0.064013671,188.9468079,32
0.0640625,189.2649841,32.02000046
0.064111329,189.4723511,32.04000092
0.064160158,189.7856293,32.06000137
0.064160158,190.1988373,32.08000183
0.064208987,190.5426788,32.09999847
0.064257816,190.8478546,32.11999893
0.064306638,191.0264893,32.13999939
0.064355467,191.2103119,32.15999985
0.064404296,191.7511292,32.18000031
0.064404296,192.059494,32.20000076
0.064453125,192.4573059,32.22000122
0.064501954,192.4821014,32.24000168
0.064550783,192.7038422,32.25999832
0.064599612,193.1992035,32.27999878
0.06464844,193.5112457,32.29999924
0.06464844,193.891037,32.31999969
0.064697262,194.1120453,32.34000015
0.064746091,194.1758118,32.36000061
0.06479492,194.646759,32.38000107
0.064843749,195.0391846,32.40000153
0.064843749,195.4129639,32.41999817
0.064892578,195.6158295,32.43999863
0.064941407,195.690567,32.45999908
0.064990236,196.1190948,32.47999954
0.064990236,196.4877014,32.5
0.065039065,196.8436127,32.52000046
0.065087894,197.0171051,32.54000092
0.065136715,197.1384277,32.56000137
0.065185544,197.6240997,32.58000183
0.065185544,197.9425354,32.59999847
0.065234373,198.3022308,32.61999893
0.065283202,198.4959106,32.63999939
0.065332031,198.6802826,32.65999985
0.06538086,199.0238647,32.68000031
0.065429689,199.4616547,32.70000076
0.065429689,199.8135223,32.72000122
0.065478518,200.0014801,32.74000168
0.065527347,200.2012939,32.75999832
0.065576169,200.4034729,32.77999878
0.065576169,200.8907013,32.79999924
0.065624998,201.217514,32.81999969
0.065673827,201.4406128,32.84000015
0.065722656,201.7303925,32.86000061
0.065771485,201.9307556,32.88000107
0.065771485,202.3755646,32.90000153
0.065820313,202.7198029,32.91999817
0.065869142,202.7964325,32.93999863
0.065917971,203.1669617,32.95999908
0.0659668,203.458374,32.97999954
0.0659668,204.0002747,33
0.066015622,204.2630768,33.02000046
0.066064451,204.3678131,33.04000092
0.06611328,204.5758514,33.06000137
0.06611328,204.9907532,33.08000183
0.066162109,205.352951,33.09999847
0.066210938,205.6841125,33.11999893
0.066259767,205.8983917,33.13999939
0.066308596,206.1274261,33.15999985
0.066308596,206.4719543,33.18000031
0.066357425,206.8004456,33.20000076
0.066406254,207.0901184,33.22000122
0.066455075,207.4131012,33.24000168
0.066455075,207.5633087,33.25999832
0.066503904,207.9277802,33.27999878
0.066552733,208.2818756,33.29999924
0.066601562,208.5310364,33.31999969
0.066601562,208.882431,33.34000015
0.066650391,208.9704132,33.36000061
0.06669922,209.2916718,33.38000107
0.066748049,209.644043,33.40000153
0.066748049,210.0009155,33.41999817
0.066796878,210.3239899,33.43999863
0.0668457,210.4821472,33.45999908
0.066894529,210.7573242,33.47999954
0.066943358,211.2573853,33.5
0.066943358,211.4920197,33.52000046
0.066992186,211.7141571,33.54000092
0.067041015,211.9709778,33.56000137
0.067089844,212.21138,33.58000183
0.067089844,212.6837006,33.59999847
0.067138673,213.0336761,33.61999893
0.067187502,213.3345795,33.63999939
0.067236331,213.6313019,33.65999985
0.067285153,213.7175293,33.68000031
0.067285153,214.2137604,33.70000076
0.067333982,214.4380188,33.72000122
0.067382811,214.7303162,33.74000168
0.06743164,214.9674988,33.75999832
0.06743164,215.2165985,33.77999878
0.067480469,215.7094421,33.79999924
0.067529298,215.9586334,33.81999969
0.067578127,216.2397308,33.84000015
0.067578127,216.4580231,33.86000061
0.067626956,216.8235931,33.88000107
0.067675785,217.2672577,33.90000153
0.067724606,217.6191864,33.91999817
0.067773435,217.7903442,33.93999863
0.067822264,218.050293,33.95999908
0.067822264,218.5120392,33.97999954
0.067871093,218.8237152,34
0.067919922,219.1033783,34.02000046
0.067968751,219.4520264,34.04000092
0.06801758,219.7750244,34.06000137
0.068066409,220.0941772,34.08000183
0.068066409,220.4797974,34.09999847
0.068115238,220.813324,34.11999893
0.068164059,221.1213226,34.13999939
0.068212888,221.3550568,34.15999985
0.068261717,221.7566833,34.18000031
0.068310546,222.2189789,34.20000076
0.068359375,222.6581879,34.22000122
0.068359375,223.0118408,34.24000168
0.068408204,223.0968323,34.25999832
0.068457033,223.442688,34.27999878
0.068505862,223.8039246,34.29999924
0.068554691,224.2215424,34.31999969
0.068603513,224.7254944,34.34000015
0.068652342,224.9366302,34.36000061
0.068701171,225.3198395,34.38000107
0.068701171,225.6991425,34.40000153
0.06875,226.0665283,34.41999817
0.068798829,226.3676147,34.43999863
0.068847658,226.8100281,34.45999908
0.068896486,227.0805511,34.47999954
0.068945315,227.5743561,34.5
0.068994137,227.9784241,34.52000046
0.068994137,228.3204651,34.54000092
0.069042966,228.638382,34.56000137
0.069091795,228.6396332,34.58000183
0.069140624,229.0966339,34.59999847
0.069189453,229.5675812,34.61999893
0.069238282,229.9859619,34.63999939
0.069287111,230.3348083,34.65999985
0.06933594,230.6560516,34.68000031
0.069384769,231.2715759,34.70000076
0.06943359,231.4762878,34.72000122
0.06943359,231.8547516,34.74000168
0.069482419,232.0930481,34.75999832
0.069531248,232.3353119,34.77999878
0.069580077,232.7972107,34.79999924
0.069628906,233.3292999,34.81999969
0.069677735,233.5340424,34.84000015
0.069726564,233.9801331,34.86000061
0.069775393,234.1532135,34.88000107
0.069775393,234.5330963,34.90000153
0.069824222,235.0250244,34.91999817
0.069873044,235.2580414,34.93999863
0.069921873,235.6804199,34.95999908
0.069970702,235.7125244,34.97999954
0.070019531,236.3956451,35
0.070068359,236.7599487,35.02000046
0.070117188,237.2188873,35.04000092
0.070166017,237.4949036,35.06000137
0.070166017,237.7069244,35.08000183
0.070214846,238.0324097,35.09999847
0.070263675,238.4270935,35.11999893
0.070312497,238.8822174,35.13999939
0.070361326,239.1362915,35.15999985
0.070410155,239.3336945,35.18000031
0.070410155,239.7075806,35.20000076
0.070458984,240.0437164,35.22000122
0.070507813,240.5209808,35.24000168
0.070556642,240.8030853,35.25999832
0.070605471,241.065979,35.27999878
0.0706543,241.4632721,35.29999924
0.070703129,241.9479065,35.31999969
0.070703129,242.2830658,35.34000015
0.07075195,242.4902344,35.36000061
0.070800779,242.5543823,35.38000107
0.070849608,243.19133,35.40000153
0.070898437,243.4417572,35.41999817
0.070947266,243.9993896,35.43999863
0.070947266,244.2401428,35.45999908
0.070996095,244.2462921,35.47999954
0.071044924,244.6465607,35.5
0.071093753,244.9976501,35.52000046
0.071142575,245.4162903,35.54000092
0.071142575,245.5566406,35.56000137
0.071191404,245.8288727,35.58000183
0.071240233,246.0097046,35.59999847
0.071289061,246.334549,35.61999893
0.07133789,246.7233429,35.63999939
0.071386719,247.0762634,35.65999985
0.071435548,247.4222107,35.68000031
0.071435548,247.7815399,35.70000076
0.071484377,248.225647,35.72000122
0.071533206,248.4078217,35.74000168
0.071582028,248.7111816,35.75999832
0.071630857,248.9888916,35.77999878
0.071679686,249.4674835,35.79999924
0.071728515,249.8510895,35.81999969
0.071728515,250.1641693,35.84000015
0.071777344,250.4862061,35.86000061
0.071826173,250.6684418,35.88000107
0.071875002,250.9088745,35.90000153
0.071875002,251.3254852,35.91999817
0.071923831,251.6392975,35.93999863
0.071972659,251.8803101,35.95999908
0.072021481,252.2984314,35.97999954
0.07207031,252.3651581,36
0.07207031,252.7688446,36.02000046
0.072119139,253.1152802,36.04000092
0.072167968,253.3789215,36.06000137
0.072216797,253.5990295,36.08000183
0.072216797,253.9116211,36.09999847
0.072265626,254.3111877,36.11999893
0.072314455,254.6032257,36.13999939
0.072363284,254.9464569,36.15999985
0.072412113,255.3471527,36.18000031
0.072460934,255.7324982,36.20000076
0.072460934,255.9582977,36.22000122
0.072509763,256.5030212,36.24000168
0.072558592,256.6724854,36.25999832
0.072607421,256.8148193,36.27999878
0.07265625,257.0744019,36.29999924
0.07265625,257.5811157,36.31999969
0.072705079,258.0137024,36.34000015
0.072753908,258.1008606,36.36000061
0.072802737,258.4488525,36.38000107
0.072802737,258.6993713,36.40000153
0.072851566,259.1403198,36.41999817
0.072900388,259.3862,36.43999863
0.072949217,259.6486816,36.45999908
0.072998046,260.0705872,36.47999954
0.072998046,260.3999023,36.5
0.073046875,260.7646179,36.52000046
0.073095704,260.7861328,36.54000092
0.073144533,261.2706909,36.56000137
0.073144533,261.5449219,36.58000183
0.073193361,261.7921753,36.59999847
0.07324219,262.1439819,36.61999893
0.07324219,262.3180237,36.63999939
0.073291012,262.8738098,36.65999985
0.073339841,262.9326172,36.68000031
0.07338867,263.1329651,36.70000076
0.073437499,263.6504822,36.72000122
0.073437499,264.0415955,36.74000168
0.073486328,264.3622437,36.75999832
0.073535157,264.5085144,36.77999878
0.073583986,264.7156982,36.79999924
0.073583986,265.2835083,36.81999969
0.073632815,265.5648499,36.84000015
0.073681644,265.8566895,36.86000061
0.073730465,266.0306396,36.88000107
0.073779294,266.3612366,36.90000153
0.073828123,266.9114685,36.91999817
0.073828123,267.2935791,36.93999863
0.073876952,267.542572,36.95999908
0.073876952,267.6095276,36.97999954
0.073925781,267.8109741,37
0.07397461,268.6114502,37.02000046
0.074023439,268.687439,37.04000092
0.074072268,268.997345,37.06000137
0.074121097,269.245575,37.08000183
0.074121097,269.5804443,37.09999847
0.074169919,269.9781189,37.11999893
0.074218748,270.3444519,37.13999939
0.074267577,270.5435486,37.15999985
0.074316406,270.8630981,37.18000031
0.074316406,271.2515259,37.20000076
0.074365234,271.5583801,37.22000122
0.074414063,272.0641479,37.24000168
0.074462892,272.3319092,37.25999832
0.074462892,272.5175171,37.27999878
0.074511721,272.7611389,37.29999924
0.07456055,273.1055603,37.31999969
0.074609372,273.4719238,37.34000015
0.074658201,273.9468994,37.36000061
0.07470703,274.1868896,37.38000107
0.07470703,274.585144,37.40000153
0.074755859,275.009491,37.41999817
0.074804688,275.2588196,37.43999863
0.074853517,275.6129761,37.45999908
0.074902346,275.9442444,37.47999954
0.074951175,276.3744812,37.5
0.075000004,276.7358398,37.52000046
0.075000004,277.219574,37.54000092
0.075048825,277.6671448,37.56000137
0.075097654,277.7624207,37.58000183
0.075146483,277.9047546,37.59999847
0.075195312,278.49823,37.61999893
0.075195312,278.8904419,37.63999939
0.075244141,279.2932434,37.65999985
0.07529297,279.6834717,37.68000031
0.075341799,280.0099487,37.70000076
0.075390628,280.5549927,37.72000122
0.07543945,280.9837036,37.74000168
0.075488279,281.3806763,37.75999832
0.075537107,281.5726929,37.77999878
0.075585936,281.809906,37.79999924
0.075585936,282.2844543,37.81999969
0.075634765,282.606781,37.84000015
0.075683594,283.1706848,37.86000061
0.075732423,283.5895081,37.88000107
0.075781252,283.8177185,37.90000153
0.075830081,284.2210083,37.91999817
0.075878903,284.5852356,37.93999863
0.075878903,284.8437805,37.95999908
0.075927732,285.2274475,37.97999954
0.075976561,285.401886,38
0.07602539,285.7512512,38.02000046
0.076074219,286.2169495,38.04000092
0.076123048,286.6312561,38.06000137
0.076171877,286.9903564,38.08000183
0.076220706,287.2965088,38.09999847
0.076269534,287.7398987,38.11999893
0.076269534,288.3425598,38.13999939
0.076318356,288.666626,38.15999985
0.076367185,288.8535156,38.18000031
0.076416014,289.0166626,38.20000076
0.076464843,289.4980164,38.22000122
0.076513672,290.0492859,38.24000168
0.076562501,290.4838867,38.25999832
0.076562501,290.7532654,38.27999878
0.07661133,291.0352478,38.29999924
0.076660159,291.3525391,38.31999969
0.076708988,291.8361511,38.34000015
0.076757809,292.4202881,38.36000061
0.076806638,292.6712646,38.38000107
0.076806638,292.883667,38.40000153
0.076855467,293.1685791,38.41999817
0.076904296,293.4979553,38.43999863
0.076953125,293.8592529,38.45999908
0.077001954,294.2266846,38.47999954
0.077050783,294.5542297,38.5
0.077050783,294.9423523,38.52000046
0.077099612,295.2492676,38.54000092
0.077148441,295.7361145,38.56000137
0.077197263,296.0157166,38.58000183
0.077246092,296.276947,38.59999847
0.077294921,296.7444458,38.61999893
0.07734375,297.1639404,38.63999939
0.07734375,297.6287842,38.65999985
0.077392579,297.852417,38.68000031
0.077441407,298.129425,38.70000076
0.077490236,298.5437317,38.72000122
0.077539065,298.9938354,38.74000168
0.077587887,299.2012939,38.75999832
0.077636716,299.6405029,38.77999878
0.077685545,299.9206238,38.79999924
0.077685545,300.2874451,38.81999969
0.077734374,300.6984253,38.84000015
0.077783203,300.9364319,38.86000061
0.077832032,301.2949829,38.88000107
0.077880861,301.5383606,38.90000153
0.07792969,301.9405823,38.91999817
0.07792969,302.3623657,38.93999863
0.077978519,302.6084595,38.95999908
0.07802734,302.9219971,38.97999954
0.078076169,303.1725159,39
0.078076169,303.5044861,39.02000046
0.078124998,303.8092957,39.04000092
0.078173827,304.0856323,39.06000137
0.078222656,304.3569641,39.08000183
0.078222656,304.5841675,39.09999847
0.078271485,304.8661499,39.11999893
0.078320314,305.322113,39.13999939
0.078369143,305.6743774,39.15999985
0.078417972,306.0449829,39.18000031
0.078417972,306.3432922,39.20000076
0.078466794,306.4925232,39.22000122
0.078515623,306.9460449,39.24000168
0.078564452,307.3298035,39.25999832
0.07861328,307.6639709,39.27999878
0.07861328,307.9686584,39.29999924
0.078662109,308.1535339,39.31999969
0.078710938,308.5775146,39.34000015
0.078759767,308.9684143,39.36000061
0.078808596,309.334137,39.38000107
0.078857425,309.6323547,39.40000153
0.078906247,310.0551758,39.41999817
0.078906247,310.5039673,39.43999863
0.078955076,310.7307739,39.45999908
0.079003905,311.0802612,39.47999954
0.079003905,311.1937256,39.5
0.079052734,311.4816895,39.52000046
0.079101563,311.7750549,39.54000092
0.079150392,312.1838989,39.56000137
0.079150392,312.652832,39.58000183
0.079199221,312.7387085,39.59999847
0.07924805,313.0786438,39.61999893
0.079296879,313.4189148,39.63999939
0.0793457,313.839325,39.65999985
0.0793457,314.349884,39.68000031
0.079394529,314.4637756,39.70000076
0.079443358,314.6841431,39.72000122
0.079492187,315.2276611,39.74000168
0.079492187,315.5037842,39.75999832
0.079541016,315.8997192,39.77999878
0.079589845,316.0287781,39.79999924
0.079638674,316.2376709,39.81999969
0.079638674,316.6943054,39.84000015
0.079687503,317.050354,39.86000061
0.079736325,317.5037842,39.88000107
0.079785154,317.6616211,39.90000153
0.079785154,317.9847412,39.91999817
0.079833982,318.4347839,39.93999863
0.079882811,318.7462769,39.95999908
0.07993164,319.1581421,39.97999954
0.079980469,319.4232483,40
0.079980469,319.6517639,40.02000046
0.080029298,320.1645508,40.04000092
0.080078127,320.408783,40.06000137
0.080126956,320.7841797,40.08000183
0.080126956,321.0966187,40.09999847
0.080175778,321.168335,40.11999893
0.080224607,321.7167053,40.13999939
0.080273436,322.0307922,40.15999985
0.080273436,322.4246521,40.18000031
0.080322265,322.7654724,40.20000076
0.080371094,322.7488403,40.22000122
0.080371094,323.0685425,40.24000168
0.080419923,323.5493164,40.25999832
0.080468752,323.8829346,40.27999878
0.08051758,324.1882935,40.29999924
0.080566409,324.5319214,40.31999969
0.080566409,324.9958496,40.34000015
0.080615231,325.3374634,40.36000061
0.08066406,325.5473022,40.38000107
0.080712889,325.9602661,40.40000153
0.080761718,326.3546143,40.41999817
0.080810547,326.8856812,40.43999863
0.080810547,327.2427063,40.45999908
0.080859376,327.6297302,40.47999954
0.080908205,327.8795776,40.5
0.080908205,328.0283508,40.52000046
0.080957034,328.3990784,40.54000092
0.081005863,328.6343079,40.56000137
0.081054684,329.15802,40.58000183
0.081103513,329.5365906,40.59999847
0.081103513,329.7831726,40.61999893
0.081152342,330.1110535,40.63999939
0.081201171,330.3142395,40.65999985
0.08125,330.8530579,40.68000031
0.08125,331.1124573,40.70000076
0.081298829,331.3186035,40.72000122
0.081347658,331.9017944,40.74000168
0.081396487,332.3535156,40.75999832
0.081445316,332.7754211,40.77999878
0.081494138,333.1565857,40.79999924
0.081542967,333.384491,40.81999969
0.081542967,333.8832397,40.84000015
0.081591796,334.2721252,40.86000061
0.081640625,334.7459106,40.88000107
0.081689454,335.0173645,40.90000153
0.081738282,335.1384277,40.91999817
0.081787111,335.7103882,40.93999863
0.08183594,336.2650757,40.95999908
0.08183594,336.633606,40.97999954
0.081884762,337.0897522,41
0.081933591,337.1909485,41.02000046
0.08198242,337.589386,41.04000092
0.082031249,338.0351563,41.06000137
0.082080078,338.5971069,41.08000183
0.082128907,338.9879456,41.09999847
0.082128907,339.1372375,41.11999893
0.082177736,339.5757446,41.13999939
0.082226565,340.098114,41.15999985
0.082275394,340.4723206,41.18000031
0.082324215,341.0438538,41.20000076
0.082373044,341.3029785,41.22000122
0.082421873,341.7570496,41.24000168
0.082470702,342.4251404,41.25999832
0.082519531,342.7799683,41.27999878
0.08256836,343.2018738,41.29999924
0.082617189,343.3617859,41.31999969
0.082666018,343.7167358,41.34000015
0.082714847,344.3351746,41.36000061
0.082763669,344.7728271,41.38000107
0.082812498,345.1134644,41.40000153
0.082812498,345.3746033,41.41999817
0.082861327,345.7207947,41.43999863
0.082910155,346.0219727,41.45999908
0.082958984,346.3755798,41.47999954
0.083007813,346.7076416,41.5
0.083007813,347.0261536,41.52000046
0.083056642,347.1939697,41.54000092
0.083105471,347.6287537,41.56000137
0.0831543,348.08255,41.58000183
0.083203122,348.6227722,41.59999847
0.083251951,348.9099121,41.61999893
0.08330078,349.1739502,41.63999939
0.083349609,349.7532654,41.65999985
0.083398438,350.1089172,41.68000031
0.083447267,350.5541077,41.70000076
0.083447267,350.7757263,41.72000122
0.083496096,351.0119934,41.74000168
0.083544925,351.4614258,41.75999832
0.083593754,351.8977051,41.77999878
0.083642575,352.3305054,41.79999924
0.083691404,352.591156,41.81999969
0.083691404,352.8839417,41.84000015
0.083740233,353.3143005,41.86000061
0.083789062,353.7914429,41.88000107
0.083837891,354.2623596,41.90000153
0.08388672,354.4264832,41.91999817
0.083935549,354.6296692,41.93999863
0.083984378,355.2364197,41.95999908
0.0840332,355.6155396,41.97999954
0.084082028,356.0531311,42
0.084082028,356.358551,42.02000046
0.084130857,356.5098877,42.04000092
0.084179686,357.0344849,42.06000137
0.084228515,357.3781738,42.08000183
0.084277344,357.8890686,42.09999847
0.084326173,358.1501465,42.11999893
0.084326173,358.3703308,42.13999939
0.084375002,358.8530273,42.15999985
0.084423831,359.1231995,42.18000031
0.084472653,359.6324158,42.20000076
0.084521482,360.0025024,42.22000122
0.084570311,360.3754578,42.24000168
0.08461914,360.8078918,42.25999832
0.08461914,361.1419067,42.27999878
0.084667969,361.4881897,42.29999924
0.084716798,361.7347107,42.31999969
0.084765627,361.9313965,42.34000015
0.084814455,362.4519348,42.36000061
0.084814455,362.7828064,42.38000107
0.084863284,363.0702515,42.40000153
0.084912106,363.2379761,42.41999817
0.084912106,363.4221802,42.43999863
0.084960935,363.9081116,42.45999908
0.085009764,364.2636414,42.47999954
0.085058593,364.6710205,42.5
0.085107422,365.0562439,42.52000046
0.085156251,365.236969,42.54000092
0.085156251,365.5804749,42.56000137
0.08520508,365.6834717,42.58000183
0.085253909,365.9440918,42.59999847
0.085302738,366.1747131,42.61999893
0.085351559,366.7087097,42.63999939
0.085400388,367.0869446,42.65999985
0.085400388,367.3707275,42.68000031
0.085449217,367.8070068,42.70000076
0.085498046,367.7823181,42.72000122
0.085546875,367.9750671,42.74000168
0.085546875,368.2914124,42.75999832
0.085595704,368.3392639,42.77999878
0.085644533,368.1211243,42.79999924
0.085693362,367.3266602,42.81999969
0.085742191,367.1768494,42.84000015
0.085742191,367.4537964,42.86000061
0.085791013,367.6505432,42.88000107
0.085839842,367.970459,42.90000153
0.085888671,367.9779053,42.91999817
0.085888671,368.2341919,42.93999863
0.0859375,368.7885742,42.95999908
0.085986328,368.9430542,42.97999954
0.086035157,369.5700684,43
0.086083986,369.7051086,43.02000046
0.086083986,369.9491272,43.04000092
0.086132815,370.3620911,43.06000137
0.086181637,370.5104065,43.08000183
0.086230466,370.7545471,43.09999847
0.086230466,371.1208801,43.11999893
0.086279295,371.4086609,43.13999939
0.086328124,371.787323,43.15999985
0.086376953,372.1715393,43.18000031
0.086425782,372.6599731,43.20000076
0.086425782,372.9046326,43.22000122
0.086474611,373.0935974,43.24000168
0.08652344,373.3773499,43.25999832
0.086572269,373.6868591,43.27999878
0.08662109,374.1690063,43.29999924
0.086669919,374.5847168,43.31999969
0.086669919,374.8453369,43.34000015
0.086718748,375.2124329,43.36000061
0.086767577,375.3847351,43.38000107
0.086816406,375.7466431,43.40000153
0.086816406,376.2919006,43.41999817
0.086865235,376.4403076,43.43999863
0.086914064,376.7715149,43.45999908
0.086962893,377.1445923,43.47999954
0.086962893,377.491333,43.5
0.087011722,377.7349243,43.52000046
0.087060544,377.7869568,43.54000092
0.087109373,378.1661682,43.56000137
0.087158201,378.6992493,43.58000183
0.087158201,379.1587219,43.59999847
0.08720703,379.3706055,43.61999893
0.087255859,379.4642334,43.63999939
0.087255859,379.8508301,43.65999985
0.087304688,380.25177,43.68000031
0.087353517,380.7325745,43.70000076
0.087402346,380.9971008,43.72000122
0.087451175,381.2262878,43.74000168
0.087499997,381.5720215,43.75999832
0.087499997,382.1177368,43.77999878
0.087548826,382.4759216,43.79999924
0.087597655,382.7747498,43.81999969
0.087646484,383.0161438,43.84000015
0.087695313,383.562439,43.86000061
0.087744142,384.0027161,43.88000107
0.087744142,384.4658813,43.90000153
0.087792971,384.7016907,43.91999817
0.0878418,384.7985229,43.93999863
0.087890628,385.1866455,43.95999908
0.087890628,385.6730347,43.97999954
0.08793945,360.5223389,44
0.087988279,168.8707581,44.02000046
0.088037108,147.3912201,44.04000092
0.088134766,140.9552765,44.06000137
0.088134766,135.7496338,44.08000183
0.088183595,132.2103424,44.09999847
0.088232424,129.7756958,44.11999893
0.088281253,127.7995071,44.13999939
0.088330075,126.4277878,44.15999985
0.088378903,125.1568909,44.18000031
0.088427732,123.8068161,44.20000076
0.088427732,122.6028671,44.22000122
0.088476561,121.6025009,44.24000168
0.08852539,120.662674,44.25999832
0.088574219,119.8554459,44.27999878
0.088574219,119.238739,44.29999924
0.088623048,118.7816391,44.31999969
0.088671877,118.1995392,44.34000015
0.088720706,117.7395172,44.36000061
0.088769528,117.4228134,44.38000107
0.088818357,117.1491013,44.40000153
0.088867186,116.9499588,44.41999817
0.088916015,116.565834,44.43999863
0.088916015,116.1002808,44.45999908
0.088964844,116.0243454,44.47999954
0.089013673,115.7066956,44.5
0.089062502,115.4637909,44.52000046
0.08911133,115.2533417,44.54000092
0.089160159,114.8977737,44.56000137
0.089208981,114.6787567,44.58000183
0.089208981,114.5113068,44.59999847
0.08925781,114.1129074,44.61999893
0.089306639,113.8692322,44.63999939
0.089355468,113.5065155,44.65999985
0.089404297,113.3637848,44.68000031
0.089453126,113.278595,44.70000076
0.089501955,112.9889145,44.72000122
0.089550784,112.7164993,44.74000168
0.089599613,112.3610382,44.75999832
0.089599613,112.363266,44.77999878
0.089648434,112.3345718,44.79999924
0.089697263,112.1543732,44.81999969
0.089746092,112.0158768,44.84000015
0.089794921,111.7640991,44.86000061
0.089794921,111.7241364,44.88000107
0.08984375,111.6729584,44.90000153
0.089892579,111.6056137,44.91999817
0.089941408,111.4816284,44.93999863
0.089990237,111.3313828,44.95999908
0.090039066,111.2530899,44.97999954
0.090039066,111.2761154,45
0.090087888,111.2015305,45.02000046
0.090136717,111.0272522,45.04000092
0.090185546,110.9009857,45.06000137
0.090234375,110.944931,45.08000183
0.090283203,110.8264618,45.09999847
0.090332032,110.7837296,45.11999893
0.090380861,110.5727692,45.13999939
0.09042969,110.3805389,45.15999985
0.09042969,110.3702316,45.18000031
0.090478512,110.2222061,45.20000076
0.090527341,110.1564789,45.22000122
0.09057617,109.8855591,45.24000168
0.09057617,109.7839203,45.25999832
0.090624999,109.6646881,45.27999878
0.090673828,109.4886627,45.29999924
0.090722657,109.4772568,45.31999969
0.090771486,109.3357925,45.34000015
0.090820315,109.0497284,45.36000061
0.090820315,109.1089783,45.38000107
0.090869144,108.9352417,45.40000153
0.090917965,108.8790665,45.41999817
0.090966794,108.7823563,45.43999863
0.091015623,108.5467758,45.45999908
0.091064452,108.4802322,45.47999954
0.091113281,108.3974991,45.5
0.091113281,108.2005157,45.52000046
0.09116211,107.9636917,45.54000092
0.091210939,107.7481079,45.56000137
0.091259768,107.6748657,45.58000183
0.091259768,107.6581345,45.59999847
0.091308597,107.5551605,45.61999893
0.091357419,107.3852539,45.63999939
0.091406248,107.2275162,45.65999985
0.091455076,107.0523987,45.68000031
0.091503905,106.9890366,45.70000076
0.091552734,106.9272156,45.72000122
0.091552734,106.5953293,45.74000168
0.091601563,106.3688583,45.75999832
0.091650392,106.2181778,45.77999878
0.091699221,106.1325989,45.79999924
0.091699221,106.0188141,45.81999969
0.09174805,105.7201309,45.84000015
0.091796872,105.6285248,45.86000061
0.091845701,105.3990631,45.88000107
0.09189453,105.4097595,45.90000153
0.09189453,105.44384,45.91999817
0.091943359,105.1850052,45.93999863
0.091992188,104.9908218,45.95999908
0.092041017,104.8392792,45.97999954
0.092089846,104.8757248,46
0.092089846,104.7889023,46.02000046
0.092138675,104.4915237,46.04000092
0.092187503,104.329895,46.06000137
0.092236325,104.3565369,46.08000183
0.092285154,104.1901703,46.09999847
0.092285154,104.2474213,46.11999893
0.092333983,104.0726929,46.13999939
0.092382812,103.8670273,46.15999985
0.092431641,103.8052521,46.18000031
0.09248047,103.7311859,46.20000076
0.09248047,103.8422775,46.22000122
0.092529299,103.574791,46.24000168
0.092578128,103.2525024,46.25999832
0.092626957,103.1937103,46.27999878
0.092626957,103.1867523,46.29999924
0.092675778,103.1801682,46.31999969
0.092724607,102.9777908,46.34000015
0.092773436,102.7689056,46.36000061
0.092773436,102.7992783,46.38000107
0.092822265,102.693985,46.40000153
0.092871094,102.5951004,46.41999817
0.092919923,102.4463043,46.43999863
0.092968752,102.21698,46.45999908
0.092968752,102.0433884,46.47999954
0.093017581,101.8884583,46.5
0.093066403,101.6239166,46.52000046
0.093115232,101.3828659,46.54000092
0.093115232,101.1480331,46.56000137
0.093164061,100.8605576,46.58000183
0.09321289,100.7749405,46.59999847
0.093261719,100.6918335,46.61999893
0.093261719,100.4889832,46.63999939
0.093310548,100.3609009,46.65999985
0.093359376,100.1027527,46.68000031
0.093408205,100.0927277,46.70000076
0.093408205,99.91475677,46.72000122
0.093457034,99.68092346,46.74000168
0.093505856,99.33097076,46.75999832
0.093554685,99.13941956,46.77999878
0.093554685,99.23027802,46.79999924
0.093603514,99.03376007,46.81999969
0.093652343,98.84005737,46.84000015
0.093701172,98.63936615,46.86000061
0.093701172,98.50591278,46.88000107
0.093750001,98.51107025,46.90000153
0.09379883,98.47800446,46.91999817
0.093847659,98.23023224,46.93999863
0.093847659,98.09988403,46.95999908
0.093896488,98.08221436,46.97999954
0.093945309,97.97556305,47
0.093994138,97.9526825,47.02000046
0.094042967,97.75537109,47.04000092
0.094042967,97.64861298,47.06000137
0.094091796,97.50758362,47.08000183
0.094140625,97.31114197,47.09999847
0.094189454,97.26396942,47.11999893
0.094189454,97.10792542,47.13999939
0.094238283,96.88990784,47.15999985
0.094287112,96.66934204,47.18000031
0.094335941,96.60393524,47.20000076
0.094384763,96.56814575,47.22000122
0.094384763,96.49514008,47.24000168
0.094433592,96.16049194,47.25999832
0.094482421,96.08149719,47.27999878
0.094531249,95.96433258,47.29999924
0.094580078,95.867836,47.31999969
0.094580078,95.75270844,47.34000015
0.094628907,95.39020538,47.36000061
0.094677736,95.29763031,47.38000107
0.094726565,95.17353821,47.40000153
0.094775394,95.0690918,47.41999817
0.094824216,94.87722015,47.43999863
0.094824216,94.74475861,47.45999908
0.094873045,94.49739075,47.47999954
0.094921874,94.42649078,47.5
0.094970703,94.29516602,47.52000046
0.095019532,94.2509613,47.54000092
0.095019532,94.03681183,47.56000137
0.095068361,93.71704865,47.58000183
0.09511719,93.70657349,47.59999847
0.095166019,93.70932007,47.61999893
0.09521484,93.61330414,47.63999939
0.095263669,93.36630249,47.65999985
0.095312498,93.18535614,47.68000031
0.095361327,93.18492889,47.70000076
0.095410156,93.02962494,47.72000122
0.095410156,92.96763611,47.74000168
0.095458985,92.86447906,47.75999832
0.095507814,92.58486176,47.77999878
0.095556643,92.45639801,47.79999924
0.095605472,92.41859436,47.81999969
0.095654294,92.33189392,47.84000015
0.095654294,92.19548035,47.86000061
0.095703122,91.93396759,47.88000107
0.095751951,91.89862823,47.90000153
0.09580078,91.89353943,47.91999817
0.095849609,91.78723145,47.93999863
0.095898438,91.73279572,47.95999908
0.095947267,91.4948349,47.97999954
0.095996096,91.47529602,48
0.095996096,91.53070068,48.02000046
0.096044925,91.42831421,48.04000092
0.096093747,91.23979187,48.06000137
0.096142576,91.02633667,48.08000183
0.096191405,91.00402832,48.09999847
0.096240234,91.0646286,48.11999893
0.096240234,91.03445435,48.13999939
0.096289063,90.83958435,48.15999985
0.096337892,90.7122879,48.18000031
0.096386721,90.64009857,48.20000076
0.096435549,90.55156708,48.22000122
0.096484378,90.5630722,48.24000168
0.0965332,90.4455719,48.25999832
0.0965332,90.23428345,48.27999878
0.096582029,90.31085968,48.29999924
0.096630858,90.16049957,48.31999969
0.096679687,90.20524597,48.34000015
0.096728516,89.99371338,48.36000061
0.096777345,89.85144806,48.38000107
0.096826174,89.8136673,48.40000153
0.096826174,89.72707367,48.41999817
0.096875003,89.70795441,48.43999863
0.096923832,89.5279541,48.45999908
0.096972653,89.23936462,48.47999954
0.097021482,89.31786346,48.5
0.097070311,89.31981659,48.52000046
0.097070311,89.36584473,48.54000092
0.09711914,89.04097748,48.56000137
0.097167969,88.85454559,48.58000183
0.097216798,88.8032074,48.59999847
0.097265627,88.87378693,48.61999893
0.097314456,88.81954193,48.63999939
0.097363278,88.61206818,48.65999985
0.097363278,88.43102264,48.68000031
0.097412107,88.37929535,48.70000076
0.097460936,88.42800903,48.72000122
0.097509765,88.25558472,48.74000168
0.097558594,88.2218399,48.75999832
0.097607423,88.12593842,48.77999878
0.097607423,88.05813599,48.79999924
0.097656251,88.01222992,48.81999969
0.09770508,87.97516632,48.84000015
0.097753909,87.86482239,48.86000061
0.097802731,87.75904083,48.88000107
0.097802731,87.63613129,48.90000153
0.09785156,87.66781616,48.91999817
0.097900389,87.62866974,48.93999863
0.097949218,87.50798035,48.95999908
0.097998047,87.33746338,48.97999954
0.098046876,87.23221588,49
0.098095705,87.2763443,49.02000046
0.098095705,87.29480743,49.04000092
0.098144534,87.12890625,49.06000137
0.098193363,87.01628113,49.08000183
0.098242184,86.93798065,49.09999847
0.098242184,86.97121429,49.11999893
0.098291013,87.01248932,49.13999939
0.098339842,86.76166534,49.15999985
0.098388671,86.65961456,49.18000031
0.0984375,86.50598145,49.20000076
0.0984375,86.6683197,49.22000122
0.098486329,86.64975739,49.24000168
0.098535158,86.4285965,49.25999832
0.098583987,86.42675018,49.27999878
0.098632816,86.28335571,49.29999924
0.098632816,86.3113327,49.31999969
0.098681638,86.45599365,49.34000015
0.098730467,86.21108246,49.36000061
0.098779296,86.10931396,49.38000107
0.098779296,86.1205368,49.40000153
0.098828124,86.10842896,49.41999817
0.098876953,86.21752167,49.43999863
0.098925782,86.06752014,49.45999908
0.098974611,85.98104095,49.47999954
0.098974611,85.95936584,49.5
0.09902344,86.00174713,49.52000046
0.099072269,85.98314667,49.54000092
0.099121091,85.97368622,49.56000137
0.099121091,85.8188858,49.58000183
0.09916992,85.76079559,49.59999847
0.099218749,85.87232208,49.61999893
0.099267578,85.84078217,49.63999939
0.099316407,85.80764008,49.65999985
0.099365236,85.66591644,49.68000031
0.099365236,85.60398102,49.70000076
0.099414065,85.65837097,49.72000122
0.099462894,85.59176636,49.74000168
0.099511715,85.66513824,49.75999832
0.099511715,85.48729706,49.77999878
0.099560544,85.39495087,49.79999924
0.099609373,85.49134064,49.81999969
0.099658202,85.55633545,49.84000015
0.099658202,85.46701813,49.86000061
0.099707031,85.40135956,49.88000107
0.09975586,85.23849487,49.90000153
0.099804689,85.25669098,49.91999817
0.099804689,85.21600342,49.93999863
0.099853518,85.25286102,49.95999908
0.099902347,85.17636108,49.97999954
0.099951169,85.06594086,50
0.099951169,85.06099701,50.02000046
0.099999997,84.99754333,50.04000092
0.100048826,84.87980652,50.06000137
0.100097655,84.68197632,50.08000183
0.100097655,84.44204712,50.09999847
0.100146484,84.5348587,50.11999893
0.100195313,84.39354706,50.13999939
0.100244142,84.27973175,50.15999985
0.100292971,84.10295105,50.18000031
0.100292971,83.94260406,50.20000076
0.1003418,83.82929993,50.22000122
0.100390622,83.90167999,50.24000168
0.100439451,83.59555054,50.25999832
0.100439451,83.3983078,50.27999878
0.10048828,83.19654083,50.29999924
0.100537109,83.10518646,50.31999969
0.100585938,83.05625916,50.34000015
0.100634767,82.65653992,50.36000061
0.100634767,82.39920044,50.38000107
0.100683596,81.90303802,50.40000153
0.100732424,81.46025848,50.41999817
0.100781253,80.99685669,50.43999863
0.100781253,80.53635406,50.45999908
0.100830075,79.99344635,50.47999954
0.100878904,79.25267029,50.5
0.100927733,78.54579926,50.52000046
0.100927733,77.60121918,50.54000092
0.100976562,76.71201324,50.56000137
0.101025391,75.3690033,50.58000183
0.10107422,73.65829468,50.59999847
0.101123049,72.01124573,50.61999893
0.101171878,70.42573547,50.63999939
0.101220707,69.08401489,50.65999985
0.101220707,67.71792603,50.68000031
0.101269528,66.52252197,50.70000076
0.101318357,65.61672211,50.72000122
0.101367186,64.53762817,50.74000168
0.101367186,63.41234589,50.75999832
0.101416015,62.39625168,50.77999878
0.101464844,61.29434967,50.79999924
0.101513673,60.55951691,50.81999969
0.101562502,59.72652054,50.84000015
0.101611331,58.87800598,50.86000061
0.101660153,58.08457565,50.88000107
0.101660153,57.25675583,50.90000153
0.101708982,56.82584381,50.91999817
0.101757811,56.3831749,50.93999863
0.10180664,55.95583725,50.95999908
0.101855469,55.44325638,50.97999954
0.101904297,54.98679352,51
0.101953126,54.64890289,51.02000046
0.102001955,54.34397888,51.04000092
0.102050784,53.95378113,51.06000137
0.102050784,53.78944778,51.08000183
0.102099606,53.31399918,51.09999847
0.102148435,53.01404572,51.11999893
0.102197264,52.83994293,51.13999939
0.102246093,52.58457565,51.15999985
0.102294922,52.30922699,51.18000031
0.102343751,52.07506561,51.20000076
0.10239258,51.92499924,51.22000122
0.102441409,51.80785751,51.24000168
0.102490238,51.68838882,51.25999832
0.102539059,51.40816879,51.27999878
0.102587888,51.24495316,51.29999924
0.102587888,51.11285782,51.31999969
0.102636717,51.00647354,51.34000015
0.102685546,50.94827652,51.36000061
0.102734375,50.74013519,51.38000107
0.102783204,50.59835815,51.40000153
0.102832033,50.44136047,51.41999817
0.102880862,50.39739227,51.43999863
0.102929691,50.40958023,51.45999908
0.102929691,50.11516953,51.47999954
0.102978513,49.97997284,51.5
0.103027342,49.81869507,51.52000046
0.10307617,49.8070488,51.54000092
0.103124999,49.79930878,51.56000137
0.103173828,49.59922409,51.58000183
0.103222657,49.44516373,51.59999847
0.103222657,49.37270737,51.61999893
0.103271486,49.38221359,51.63999939
0.103320315,49.36899185,51.65999985
0.103369144,49.20219803,51.68000031
0.103417966,49.04584503,51.70000076
0.103466795,49.0129776,51.72000122
0.103515624,48.90088272,51.74000168
0.103515624,48.89818954,51.75999832
0.103564453,48.80550766,51.77999878
0.103613282,48.62013626,51.79999924
0.103662111,48.52374649,51.81999969
0.10371094,48.45542526,51.84000015
0.103759769,48.5747757,51.86000061
0.10380859,48.40468979,51.88000107
0.103857419,48.13894653,51.90000153
0.103906248,48.13030243,51.91999817
0.103955077,48.17726135,51.93999863
0.103955077,48.12093353,51.95999908
0.104003906,48.01563263,51.97999954
0.104052735,47.84783936,52
0.104101564,47.67196274,52.02000046
0.104150393,47.72853851,52.04000092
0.104199222,47.71784592,52.06000137
0.104248043,47.63248444,52.08000183
0.104296872,47.4951973,52.09999847
0.104296872,47.28123474,52.11999893
0.104345701,47.33496475,52.13999939
0.10439453,47.24042511,52.15999985
0.10439453,47.07660294,52.18000031
0.104443359,47.02366638,52.20000076
0.104492188,46.80511856,52.22000122
0.104541017,46.86201477,52.24000168
0.104589846,46.90275955,52.25999832
0.104638675,46.69234085,52.27999878
0.104687497,46.68178558,52.29999924
0.104736326,46.46981049,52.31999969
0.104736326,46.51239014,52.34000015
0.104785155,46.46212006,52.36000061
0.104833984,46.38108063,52.38000107
0.104882813,46.25983047,52.40000153
0.104931642,46.11000824,52.41999817
0.10498047,46.18664551,52.43999863
0.10498047,46.13474274,52.45999908
0.105029299,46.03099823,52.47999954
0.105078128,45.82246017,52.5
0.10512695,45.83069611,52.52000046
0.10512695,45.74266052,52.54000092
0.105175779,45.7791214,52.56000137
0.105224608,45.65303421,52.58000183
0.105273437,45.49995422,52.59999847
0.105322266,45.49058533,52.61999893
0.105371095,45.50148392,52.63999939
0.105371095,45.51956177,52.65999985
0.105419924,45.44796371,52.68000031
0.105468753,45.24754333,52.70000076
0.105517582,45.04934311,52.72000122
0.105566403,45.13704681,52.74000168
0.105566403,45.13155365,52.75999832
0.105615232,45.16334534,52.77999878
0.105664061,44.93899155,52.79999924
0.10571289,44.78047943,52.81999969
0.10571289,44.81687164,52.84000015
0.105761719,44.76698303,52.86000061
0.105810548,44.89306641,52.88000107
0.105810548,44.57565308,52.90000153
0.105859377,44.58741379,52.91999817
0.105908206,44.60189438,52.93999863
0.105957028,44.73682785,52.95999908
0.106005857,44.61101532,52.97999954
0.106054686,44.49652863,53
0.106054686,44.39445877,53.02000046
0.106103515,44.45097733,53.04000092
0.106152344,44.40955734,53.06000137
0.106201172,44.3905983,53.08000183
0.106250001,44.35846329,53.09999847
0.106250001,44.09409714,53.11999893
0.10629883,44.17146301,53.13999939
0.106347659,44.26311493,53.15999985
0.106396481,44.10656738,53.18000031
0.10644531,44.12371063,53.20000076
0.10644531,43.85683823,53.22000122
0.106494139,43.96979904,53.24000168
0.106542968,43.95432663,53.25999832
0.106591797,43.93181229,53.27999878
0.106640626,43.86105347,53.29999924
0.106640626,43.76343536,53.31999969
0.106689455,43.72957993,53.34000015
0.106738284,43.76368332,53.36000061
0.106738284,43.6478157,53.38000107
0.106787113,43.57661438,53.40000153
0.106835934,43.46884918,53.41999817
0.106884763,43.42866516,53.43999863
0.106884763,43.52425766,53.45999908
0.106933592,43.4744606,53.47999954
0.106982421,43.36032867,53.5
0.10703125,43.21238708,53.52000046
0.10703125,43.20181274,53.54000092
0.107080079,43.26567841,53.56000137
0.107128908,43.22339249,53.58000183
0.107177737,43.17373276,53.59999847
0.107226566,42.97090912,53.61999893
0.107226566,42.90964508,53.63999939
0.107275388,42.95384598,53.65999985
0.107324217,43.10713577,53.68000031
0.107373045,42.80807495,53.70000076
0.107373045,42.71596527,53.72000122
0.107421874,42.77241898,53.74000168
0.107470703,42.70196152,53.75999832
0.107519532,42.73778152,53.77999878
0.107519532,42.55280685,53.79999924
0.107568361,42.50949478,53.81999969
0.10761719,42.48529816,53.84000015
0.107666019,42.43218994,53.86000061
0.107714841,42.49978256,53.88000107
0.10776367,42.35613632,53.90000153
0.10776367,42.20686722,53.91999817
0.107812499,42.28744888,53.93999863
0.107861328,42.16462708,53.95999908
0.107910157,42.19087982,53.97999954
0.107910157,42.147686,54
0.107958986,41.97229004,54.02000046
0.108007815,41.91259766,54.04000092
0.108056644,41.90758896,54.06000137
0.108105465,41.95848846,54.08000183
0.108154294,41.93446732,54.09999847
0.108203123,41.77408218,54.11999893
0.108251952,41.70161438,54.13999939
0.108251952,41.75069046,54.15999985
0.108300781,41.74855423,54.18000031
0.10834961,41.71478271,54.20000076
0.108398439,41.50959015,54.22000122
0.108398439,41.45026779,54.24000168
0.108447268,41.5610466,54.25999832
0.108496097,41.49876022,54.27999878
0.108544918,41.42671585,54.29999924
0.108593747,41.37279129,54.31999969
0.108642576,41.22064209,54.34000015
0.108691405,41.22306442,54.36000061
0.108691405,41.22785568,54.38000107
0.108740234,41.27841568,54.40000153
0.108789063,41.17208862,54.41999817
0.108837892,40.96055603,54.43999863
0.108886721,40.99348068,54.45999908
0.10893555,41.11749268,54.47999954
0.108984372,41.06923676,54.5
0.109033201,40.93859482,54.52000046
0.10908203,40.82622528,54.54000092
0.109130859,40.85587692,54.56000137
0.109179688,41.01353836,54.58000183
0.109228517,40.78387833,54.59999847
0.109277345,40.68744278,54.61999893
0.109277345,40.61976242,54.63999939
0.109326174,40.65136337,54.65999985
0.109375003,40.68924713,54.68000031
0.109423825,40.50927734,54.70000076
0.109472654,40.49795914,54.72000122
0.109521483,40.35525131,54.74000168
0.109570312,40.37840652,54.75999832
0.109619141,40.4467392,54.77999878
0.109619141,40.36388397,54.79999924
0.10966797,40.18523026,54.81999969
0.109716799,40.11433411,54.84000015
0.109765628,40.06677628,54.86000061
0.109814457,40.164608,54.88000107
0.109863278,40.06637573,54.90000153
0.109863278,39.99272919,54.91999817
0.109912107,39.8271637,54.93999863
0.109960936,39.83987045,54.95999908
0.110009765,39.94291687,54.97999954
0.110058594,39.86544037,55
0.110058594,39.68766403,55.02000046
0.110107423,39.54234695,55.04000092
0.110156252,39.6582222,55.06000137
0.110205081,39.65201187,55.08000183
0.110253903,39.57766342,55.09999847
0.110302732,39.55039215,55.11999893
0.110351561,39.3219986,55.13999939
0.11040039,39.54230118,55.15999985
0.11040039,39.44644165,55.18000031
0.110449218,39.40937042,55.20000076
0.110498047,39.30525208,55.22000122
0.110546876,39.10526276,55.24000168
0.110595705,39.22978592,55.25999832
0.110644534,39.11211014,55.27999878
0.110644534,39.15705872,55.29999924
0.110693356,39.02705765,55.31999969
0.110742185,38.82728195,55.34000015
0.110791014,38.87728882,55.36000061
0.110839843,38.89861298,55.38000107
0.110839843,38.87691498,55.40000153
0.110888672,38.80913162,55.41999817
0.110937501,38.60610962,55.43999863
0.11098633,38.67670441,55.45999908
0.111035159,38.70126724,55.47999954
0.111035159,38.53963852,55.49100113
